City_ID,City,Country,Date,Lat,Lng,Max Temp,Humidity,Cloudiness,Wind Speed
0,Harper,LR,2020-02-23 14:39:30,4.38,-7.72,84.92,81,96,5.32
1,Cherskiy,RU,2020-02-23 14:39:31,68.75,161.3,-25.83,92,65,6.22
2,San Patricio,MX,2020-02-23 14:39:31,19.22,-104.7,71.6,73,40,6.93
3,College,US,2020-02-23 14:39:32,64.86,-147.8,-2.2,83,90,3.36
4,Weligama,LK,2020-02-23 14:39:32,5.97,80.42,76.46,89,99,8.41
5,Carnarvon,AU,2020-02-23 14:39:33,-24.87,113.63,77.0,83,0,11.41
6,Barrow,US,2020-02-23 14:39:33,71.29,-156.79,-23.8,74,20,10.29
7,Muzhi,RU,2020-02-23 14:39:33,65.37,64.67,28.78,80,0,23.47
8,Lebu,CL,2020-02-23 14:39:34,-37.62,-73.65,68.83,59,2,7.16
9,Ushuaia,AR,2020-02-23 14:39:34,-54.8,-68.3,50.0,76,75,13.87
10,Batangafo,CF,2020-02-23 14:39:35,7.3,18.28,104.23,8,0,5.03
11,Norman Wells,CA,2020-02-23 14:39:36,65.28,-126.83,5.0,84,90,2.24
12,Busselton,AU,2020-02-23 14:39:36,-33.65,115.33,72.0,36,86,17.81
13,Ostrovnoy,RU,2020-02-23 14:39:36,68.05,39.51,31.8,94,100,21.3
14,Ribeira Grande,PT,2020-02-23 14:39:37,38.52,-28.7,62.6,63,75,6.93
15,Banjar,ID,2020-02-23 14:39:37,-8.19,114.97,84.2,83,20,5.82
16,Pasinler,TR,2020-02-23 14:39:38,39.98,41.68,37.4,69,75,2.24
17,Rikitea,PF,2020-02-23 14:39:38,-23.12,-134.97,78.21,66,0,0.92
18,Upernavik,GL,2020-02-23 14:39:39,72.79,-56.15,-16.1,77,0,7.18
19,Mar Del Plata,AR,2020-02-23 14:36:30,-38.0,-57.56,82.99,64,0,14.99
20,Port Blair,IN,2020-02-23 14:37:49,11.67,92.75,81.39,78,31,13.69
21,Georgetown,MY,2020-02-23 14:38:41,5.41,100.34,84.2,65,20,6.93
22,Iqaluit,CA,2020-02-23 14:36:45,63.75,-68.51,-29.0,66,20,18.34
23,Hilo,US,2020-02-23 14:39:41,19.73,-155.09,69.8,64,90,9.17
24,Sakaiminato,JP,2020-02-23 14:39:41,35.55,133.23,35.6,71,0,5.82
25,Chokurdakh,RU,2020-02-23 14:39:42,70.63,147.92,-20.65,99,96,2.82
26,Vaini,TO,2020-02-23 14:39:42,-21.2,-175.2,78.8,94,40,10.29
27,Dikson,RU,2020-02-23 14:39:42,73.51,80.55,28.87,96,100,24.38
28,Port Lincoln,AU,2020-02-23 14:36:05,-34.73,135.87,67.96,74,100,5.23
29,Albany,US,2020-02-23 14:35:02,42.6,-73.97,39.0,51,20,6.93
30,Huntsville,US,2020-02-23 14:35:20,34.73,-86.59,46.99,70,90,4.18
31,Padang,ID,2020-02-23 14:37:20,-0.95,100.35,71.51,82,0,5.95
32,Saint-Philippe,RE,2020-02-23 14:39:45,-21.36,55.77,82.4,65,75,5.82
33,Lakatoro,VU,2020-02-23 14:39:45,-16.1,167.42,81.9,77,0,14.27
34,New Norfolk,AU,2020-02-23 14:39:45,-42.78,147.06,57.2,82,94,4.7
35,Grindavik,IS,2020-02-23 14:36:24,63.84,-22.43,32.0,92,90,25.28
36,Yellowknife,CA,2020-02-23 14:39:46,62.46,-114.35,-7.01,76,90,9.17
37,Kodiak,US,2020-02-23 14:39:47,57.79,-152.41,17.6,44,1,20.8
38,Galesong,ID,2020-02-23 14:39:47,-5.32,119.37,80.6,94,20,3.36
39,Jamestown,US,2020-02-23 14:39:47,42.1,-79.24,39.99,54,1,9.17
40,Tura,IN,2020-02-23 14:39:48,25.52,90.22,69.69,46,0,3.67
41,De-Kastri,RU,2020-02-23 14:39:49,51.47,140.78,4.26,96,15,3.85
42,Valentigney,FR,2020-02-23 14:39:49,47.46,6.83,64.4,50,95,9.17
43,Nikolskoye,RU,2020-02-23 14:39:50,59.7,30.79,41.0,75,75,8.95
44,Puerto Ayora,EC,2020-02-23 14:39:50,-0.74,-90.35,80.6,78,40,5.82
45,Khatanga,RU,2020-02-23 14:39:51,71.97,102.5,13.05,93,100,14.03
46,Qaanaaq,GL,2020-02-23 14:39:52,77.48,-69.36,-19.23,90,48,2.33
47,Anadyr,RU,2020-02-23 14:39:52,64.75,177.48,-23.01,67,0,4.47
48,Snyder,US,2020-02-23 14:39:53,32.72,-100.92,51.01,87,40,4.7
49,Mataura,NZ,2020-02-23 14:39:53,-46.19,168.86,55.99,85,95,5.99
50,Hofn,IS,2020-02-23 14:39:53,64.25,-15.21,35.6,40,20,9.17
51,Pundaguitan,PH,2020-02-23 14:39:54,6.37,126.17,81.05,75,29,5.93
52,Hermanus,ZA,2020-02-23 14:39:54,-34.42,19.23,86.0,54,0,11.99
53,Misratah,LY,2020-02-23 14:39:55,32.38,15.09,57.79,59,0,13.96
54,Cape Town,ZA,2020-02-23 14:39:55,-33.93,18.42,86.0,39,0,24.16
55,Wajima,JP,2020-02-23 14:39:56,37.4,136.9,45.05,66,98,19.66
56,Margate,GB,2020-02-23 14:37:36,51.38,1.39,55.99,66,40,19.46
57,Naberera,TZ,2020-02-23 14:39:56,-4.2,36.93,78.89,61,78,8.48
58,Pouembout,NC,2020-02-23 14:39:57,-21.13,164.9,70.47,90,85,4.03
59,Tigil,RU,2020-02-23 14:39:57,57.8,158.67,3.6,77,97,6.96
60,Dakar,SN,2020-02-23 14:37:10,14.69,-17.44,84.2,73,97,16.11
61,Coquimbo,CL,2020-02-23 14:39:58,-29.95,-71.34,60.8,82,90,4.85
62,Diamantino,BR,2020-02-23 14:39:59,-14.41,-56.45,71.64,94,99,5.21
63,Punta Arenas,CL,2020-02-23 14:39:59,-53.15,-70.92,53.6,58,75,17.22
64,Charters Towers,AU,2020-02-23 14:35:22,-20.1,146.27,73.92,92,100,9.75
65,Luganville,VU,2020-02-23 14:40:00,-15.53,167.17,72.73,96,29,1.1
66,Luderitz,NA,2020-02-23 14:40:00,-26.65,15.16,89.6,38,0,14.99
67,Santa Cruz,BO,2020-02-23 14:38:37,-17.8,-63.17,77.0,53,75,14.99
68,Bowen,AU,2020-02-23 14:35:07,-20.02,148.23,77.0,100,75,6.93
69,Dicabisagan,PH,2020-02-23 14:40:02,17.08,122.42,74.41,87,100,11.74
70,Parana,AR,2020-02-23 14:38:32,-31.73,-60.52,78.01,48,0,3.0
71,Severo-Kurilsk,RU,2020-02-23 14:40:03,50.68,156.12,22.28,96,100,43.2
72,Karasuk,RU,2020-02-23 14:40:04,53.74,78.04,15.24,94,69,1.28
73,Mananjary,MG,2020-02-23 14:40:04,-21.22,48.33,80.64,81,44,10.42
74,Karaton,ID,2020-02-23 14:40:04,-6.34,106.1,82.4,83,75,5.82
75,Morant Bay,JM,2020-02-23 14:40:05,17.88,-76.41,84.2,54,20,12.75
76,Guerrero Negro,MX,2020-02-23 14:40:05,27.98,-114.06,57.85,74,100,13.56
77,Castro,BR,2020-02-23 14:39:22,-24.79,-50.01,70.68,55,100,5.75
78,Slupsk,PL,2020-02-23 14:39:43,54.46,17.03,41.68,80,100,13.24
79,Tiksi,RU,2020-02-23 14:40:07,71.69,128.87,-11.78,88,100,6.89
80,Huarmey,PE,2020-02-23 14:40:08,-10.07,-78.15,81.9,47,62,6.67
81,Yaan,NG,2020-02-23 14:40:08,7.38,8.57,105.33,7,68,9.44
82,Fare,PF,2020-02-23 14:40:08,-16.7,-151.02,82.09,70,29,8.57
83,Blagoyevo,RU,2020-02-23 14:40:09,63.37,47.92,31.24,88,100,18.19
84,Hobart,AU,2020-02-23 14:36:21,-42.88,147.33,57.2,82,99,4.7
85,Pisco,PE,2020-02-23 14:40:10,-13.7,-76.22,75.0,30,40,5.82
86,Tripoli,LY,2020-02-23 14:39:14,32.88,13.19,58.41,58,0,3.96
87,Tahta,EG,2020-02-23 14:40:11,26.77,31.5,68.0,32,100,6.93
88,Noumea,NC,2020-02-23 14:39:40,-22.28,166.46,81.0,69,76,3.36
89,Kargopol,RU,2020-02-23 14:40:12,61.51,38.95,33.51,86,100,10.87
90,Dingtao,CN,2020-02-23 14:40:13,35.07,115.56,53.89,72,65,9.17
91,Riyadh,SA,2020-02-23 14:36:26,24.69,46.72,82.4,30,64,9.17
92,Lorengau,PG,2020-02-23 14:40:13,-2.02,147.27,83.64,71,0,7.43
93,Ilulissat,GL,2020-02-23 14:40:14,69.22,-51.1,-0.4,44,0,4.7
94,Bredasdorp,ZA,2020-02-23 14:40:14,-34.53,20.04,75.99,40,0,19.46
95,Chuy,UY,2020-02-23 14:40:15,-33.7,-53.46,72.36,56,35,3.49
96,Kruisfontein,ZA,2020-02-23 14:40:15,-34.0,24.73,66.09,58,17,15.08
97,Bambous Virieux,MU,2020-02-23 14:40:15,-20.34,57.76,82.4,78,75,4.7
98,Ilhabela,BR,2020-02-23 14:40:16,-23.78,-45.36,75.63,62,90,7.65
99,Mogadishu,SO,2020-02-23 14:40:16,2.04,45.34,81.36,81,41,25.64
100,Parthenay,FR,2020-02-23 14:40:17,46.67,-0.42,53.6,81,90,17.22
101,Naze,JP,2020-02-23 14:40:17,28.37,129.48,59.0,67,0,9.17
102,Ponta Do Sol,PT,2020-02-23 14:40:18,32.67,-17.1,68.0,64,20,17.22
103,Wawa,NG,2020-02-23 14:40:18,9.9,4.42,97.32,19,0,6.44
104,Tuktoyaktuk,CA,2020-02-23 14:40:19,69.45,-133.04,-5.8,83,90,12.75
105,Atuona,PF,2020-02-23 14:40:19,-9.8,-139.03,80.65,81,1,12.73
106,Fortuna,US,2020-02-23 14:40:20,40.6,-124.16,48.0,100,90,0.87
107,Umm Kaddadah,SD,2020-02-23 14:40:20,13.6,26.69,86.77,9,0,14.76
108,Nyurba,RU,2020-02-23 14:40:21,63.28,118.33,-8.27,98,52,3.24
109,Yarmouth,US,2020-02-23 14:40:21,41.71,-70.23,46.99,48,1,9.17
110,Hobyo,SO,2020-02-23 14:40:22,5.35,48.53,78.33,68,14,18.72
111,Pacific Grove,US,2020-02-23 14:37:21,36.62,-121.92,51.8,81,90,6.93
112,Cabedelo,BR,2020-02-23 14:37:31,-6.98,-34.83,89.6,55,40,6.93
113,Andenes,NO,2020-02-23 14:40:23,69.31,16.12,37.4,80,75,11.41
114,Boden,SE,2020-02-23 14:40:24,65.83,21.69,35.6,59,76,16.11
115,Launceston,AU,2020-02-23 14:40:04,-41.45,147.17,59.0,100,67,2.66
116,Santa Marta,CO,2020-02-23 14:40:25,11.24,-74.2,82.4,74,20,4.7
117,Kamenka,RU,2020-02-23 14:40:25,51.32,42.77,33.01,92,100,13.0
118,Batemans Bay,AU,2020-02-23 14:40:26,-35.72,150.18,62.01,84,96,4.76
119,Flinders,AU,2020-02-23 14:40:26,-34.58,150.86,71.01,77,100,3.36
120,Samarai,PG,2020-02-23 14:40:27,-10.62,150.67,77.92,89,1,1.99
121,Port Alfred,ZA,2020-02-23 14:40:27,-33.59,26.89,71.01,73,25,1.99
122,Berlevag,NO,2020-02-23 14:40:27,70.86,29.09,34.09,77,97,3.78
123,Price,US,2020-02-23 14:36:01,39.6,-110.81,34.0,96,90,4.7
124,Valleyview,CA,2020-02-23 14:40:29,55.07,-117.29,11.39,87,7,3.04
125,Tabou,CI,2020-02-23 14:40:29,4.42,-7.35,84.92,81,96,5.32
126,Shubarkuduk,KZ,2020-02-23 14:40:29,49.14,56.49,24.39,91,100,11.39
127,Mahebourg,MU,2020-02-23 14:40:30,-20.41,57.7,82.4,78,75,4.7
128,Port Macquarie,AU,2020-02-23 14:40:28,-31.43,152.92,68.0,94,75,6.93
129,Khor,RU,2020-02-23 14:40:31,47.89,134.95,5.11,95,98,3.4
130,Esperance,AU,2020-02-23 14:40:31,-33.87,121.9,66.2,88,75,13.87
131,Podyuga,RU,2020-02-23 14:40:32,61.09,40.86,32.86,96,100,12.08
132,Araouane,ML,2020-02-23 14:40:32,18.9,-3.53,97.65,5,51,13.85
133,Talnakh,RU,2020-02-23 14:40:33,69.49,88.4,12.2,92,75,33.55
134,Chapayevka,UA,2020-02-23 14:40:33,47.47,36.35,39.38,73,100,19.08
135,Kilindoni,TZ,2020-02-23 14:40:33,-7.91,39.67,84.87,75,92,18.5
136,Haines Junction,CA,2020-02-23 14:40:34,60.75,-137.51,4.37,96,100,6.06
137,Hami,CN,2020-02-23 14:40:34,42.8,93.45,31.86,52,57,3.91
138,Mehamn,NO,2020-02-23 14:40:35,71.04,27.85,30.22,95,70,6.64
139,Souillac,MU,2020-02-23 14:40:35,-20.52,57.52,82.4,78,75,4.7
140,Ambon,ID,2020-02-23 14:40:36,-3.7,128.18,81.84,79,63,9.17
141,Hithadhoo,MV,2020-02-23 14:40:36,-0.6,73.08,82.9,80,100,10.92
142,Carutapera,BR,2020-02-23 14:40:36,-1.2,-46.02,81.36,81,98,11.83
143,Tomatlan,MX,2020-02-23 14:40:37,19.93,-105.25,76.59,46,0,1.61
144,Egvekinot,RU,2020-02-23 14:40:37,66.32,-179.17,-31.86,93,2,1.81
145,Itarema,BR,2020-02-23 14:40:38,-2.92,-39.92,83.5,81,97,6.78
146,Pevek,RU,2020-02-23 14:40:38,69.7,170.31,-10.8,97,100,3.0
147,Sao Raimundo Nonato,BR,2020-02-23 14:40:38,-9.02,-42.7,86.9,60,17,5.32
148,Sioux Lookout,CA,2020-02-23 14:40:39,50.1,-91.92,23.0,73,75,3.36
149,Dawei,MM,2020-02-23 14:40:39,14.08,98.2,81.41,74,67,9.66
150,Monster,NL,2020-02-23 14:40:40,52.03,4.17,53.01,93,75,27.51
151,Saint-Pierre,RE,2020-02-23 14:40:40,-21.34,55.48,82.4,65,75,5.82
152,Meulaboh,ID,2020-02-23 14:40:41,4.14,96.13,84.76,69,40,5.55
153,Shu,KZ,2020-02-23 14:40:41,43.6,73.76,37.99,58,100,8.01
154,Dingle,PH,2020-02-23 14:40:42,11.0,122.67,73.2,88,24,13.11
155,Morondava,MG,2020-02-23 14:40:42,-20.28,44.28,81.9,82,50,3.98
156,Tevaitoa,PF,2020-02-23 14:40:42,-16.78,-151.5,81.97,74,100,9.06
157,Saskylakh,RU,2020-02-23 14:38:28,71.92,114.08,7.25,83,100,7.74
158,Xanlar,AZ,2020-02-23 14:40:44,40.59,46.32,64.4,38,40,11.41
159,Avarua,CK,2020-02-23 14:40:44,-21.21,-159.78,78.8,94,100,3.36
160,Kaitangata,NZ,2020-02-23 14:40:44,-46.28,169.85,57.99,80,99,1.99
161,Roma,US,2020-02-23 14:38:41,43.21,-75.46,41.0,44,75,10.29
162,Havre,FR,2020-02-23 14:40:45,49.58,0.33,55.0,93,90,24.16
163,Bluff,NZ,2020-02-23 14:40:46,-46.6,168.33,55.99,86,68,4.0
164,Kasane,BW,2020-02-23 14:40:46,-17.82,25.15,86.0,55,40,9.17
165,Korla,CN,2020-02-23 14:40:47,41.76,86.15,37.99,68,0,1.99
166,Avera,US,2020-02-23 14:40:47,33.19,-82.53,48.0,80,1,2.08
167,Thompson,CA,2020-02-23 14:40:48,55.74,-97.86,5.0,84,75,3.36
168,Hjelset,NO,2020-02-23 14:40:48,62.78,7.48,34.0,76,75,19.46
169,Rio Cuarto,AR,2020-02-23 14:37:14,-33.13,-64.35,68.0,56,38,28.86
170,Kwinana,AU,2020-02-23 14:40:49,-32.25,115.77,82.4,51,40,17.22
171,Saint Anthony,US,2020-02-23 14:40:49,45.02,-93.22,34.0,74,1,6.93
172,Gazojak,TM,2020-02-23 14:40:50,41.19,61.4,47.12,54,2,8.19
173,Bethel,US,2020-02-23 14:40:50,41.37,-73.41,48.0,43,1,4.7
174,Nantucket,US,2020-02-23 14:40:51,41.28,-70.1,46.99,81,1,12.75
175,Dezful,IR,2020-02-23 14:40:51,32.38,48.41,64.38,58,33,1.28
176,Codrington,AU,2020-02-23 14:40:52,-38.27,141.97,61.45,85,98,14.18
177,Palmares,BR,2020-02-23 14:39:27,-8.68,-35.59,87.13,56,79,6.69
178,Karangampel,ID,2020-02-23 14:40:53,-6.46,108.45,80.87,81,95,11.43
179,Saint George,US,2020-02-23 14:36:39,37.1,-113.58,42.8,87,1,4.7
180,Borovoy,RU,2020-02-23 14:40:54,55.43,86.08,24.8,92,40,6.71
181,Skjervoy,NO,2020-02-23 14:40:54,70.03,20.97,33.8,86,75,4.7
182,Arraial Do Cabo,BR,2020-02-23 14:40:54,-22.97,-42.03,78.8,69,75,9.17
183,Marzuq,YE,2020-02-23 14:40:55,14.4,46.47,75.15,37,0,11.99
184,Longyearbyen,SJ,2020-02-23 14:40:55,78.22,15.64,-2.2,64,20,8.05
185,Beringovskiy,RU,2020-02-23 14:40:56,63.05,179.32,-13.36,88,30,1.9
186,Cidreira,BR,2020-02-23 14:40:56,-30.18,-50.21,70.16,65,0,7.09
187,Bjornevatn,NO,2020-02-23 14:40:57,69.67,29.98,26.6,92,75,12.75
188,Adilabad,IN,2020-02-23 14:40:57,19.67,78.53,84.13,31,98,13.15
189,Ust-Omchug,RU,2020-02-23 14:40:57,61.15,149.63,-19.57,100,99,2.57
190,Grand Gaube,MU,2020-02-23 14:40:58,-20.01,57.66,82.4,78,75,4.7
191,Moron,AR,2020-02-23 14:36:43,-34.65,-58.62,77.0,53,65,9.17
192,Kavieng,PG,2020-02-23 14:40:59,-2.57,150.8,84.61,70,79,9.82
193,Gawler,AU,2020-02-23 14:40:59,-34.6,138.73,77.0,49,100,8.05
194,Ancud,CL,2020-02-23 14:40:59,-41.87,-73.82,59.0,77,40,12.75
195,Tonekabon,IR,2020-02-23 14:41:00,36.82,50.87,51.8,93,90,6.93
196,Ibra,OM,2020-02-23 14:41:00,22.69,58.53,80.65,33,14,15.39
197,Catamarca,AR,2020-02-23 14:41:01,-28.47,-65.79,60.17,59,0,4.94
198,Novo Aripuana,BR,2020-02-23 14:41:01,-5.12,-60.38,81.16,80,100,0.51
199,Kimbe,PG,2020-02-23 14:41:02,-5.55,150.14,76.89,93,63,1.95
200,Marystown,CA,2020-02-23 14:41:02,47.17,-55.15,31.37,91,42,18.28
201,Igrim,RU,2020-02-23 14:41:02,63.19,64.42,31.01,83,62,16.26
202,Yarqa,JO,2020-02-23 14:41:03,31.98,35.69,59.0,44,75,10.29
203,Ballina,AU,2020-02-23 14:41:03,-28.87,153.57,68.0,100,100,5.82
204,Whitehorse,CA,2020-02-23 14:41:04,60.72,-135.05,15.8,72,90,2.68
205,Ngunguru,NZ,2020-02-23 14:41:04,-35.62,174.5,59.0,83,0,5.01
206,Udachnyy,RU,2020-02-23 14:41:05,66.42,112.4,3.2,84,100,6.71
207,Lake City,US,2020-02-23 14:40:46,30.19,-82.64,54.0,70,1,3.36
208,Belaya Gora,RU,2020-02-23 14:41:06,68.53,146.42,-15.66,98,96,1.97
209,Lagoa,PT,2020-02-23 14:41:06,39.05,-27.98,59.11,71,30,5.79
210,Taoudenni,ML,2020-02-23 14:41:06,22.68,-3.98,96.3,5,61,16.37
211,Karlstad,SE,2020-02-23 14:41:07,59.38,13.5,44.01,66,40,9.17
212,Bara,NG,2020-02-23 14:41:07,10.37,10.73,97.68,7,0,14.38
213,Omboue,GA,2020-02-23 14:39:04,-1.57,9.26,87.94,66,20,7.38
214,Loum,CM,2020-02-23 14:41:09,4.72,9.74,95.58,42,53,4.74
215,Lyubashivka,UA,2020-02-23 14:41:09,47.84,30.26,46.72,60,100,11.34
216,Rafai,CF,2020-02-23 14:41:09,4.95,23.92,100.65,14,26,5.3
217,Petrolina,BR,2020-02-23 14:37:15,-9.4,-40.5,87.8,62,40,8.05
218,Yerbogachen,RU,2020-02-23 14:41:11,61.28,108.01,10.22,96,88,6.82
219,Victoria,HK,2020-02-23 14:40:34,22.29,114.16,70.0,52,53,13.87
220,Nelson Bay,AU,2020-02-23 14:41:12,-32.72,152.15,71.01,83,40,4.7
221,Sorong,ID,2020-02-23 14:41:12,-0.88,131.25,76.93,90,100,4.07
222,Batagay,RU,2020-02-23 14:41:12,67.63,134.63,-8.93,98,100,0.54
223,Kalakamati,BW,2020-02-23 14:41:13,-20.59,27.31,80.6,65,20,5.82
224,Butaritari,KI,2020-02-23 14:41:13,3.07,172.79,84.61,75,100,16.06
225,Provideniya,RU,2020-02-23 14:41:14,64.38,-173.3,-10.43,80,0,2.66
226,Ossora,RU,2020-02-23 14:41:14,59.24,163.07,-2.16,84,100,4.99
227,Torbay,CA,2020-02-23 14:41:15,47.67,-52.73,37.0,84,20,21.92
228,Nikel,RU,2020-02-23 14:41:15,69.41,30.22,26.6,92,75,12.75
229,East London,ZA,2020-02-23 14:41:15,-33.02,27.91,69.8,60,20,11.41
230,Soyo,AO,2020-02-23 14:41:16,-6.13,12.37,80.6,94,75,3.36
231,Sabancuy,MX,2020-02-23 14:41:17,18.97,-91.18,70.61,56,0,3.94
232,Asfi,MA,2020-02-23 14:41:18,32.3,-9.24,83.5,17,0,5.77
233,Kota Kinabalu,MY,2020-02-23 14:41:18,5.97,116.07,81.0,74,20,3.36
234,Hualmay,PE,2020-02-23 14:41:19,-11.1,-77.61,80.64,52,25,7.09
235,Sri Aman,MY,2020-02-23 14:41:19,1.24,111.46,77.0,94,99,3.36
236,Kapaa,US,2020-02-23 14:39:26,22.08,-159.32,66.2,93,1,8.05
237,Rabo De Peixe,PT,2020-02-23 14:41:20,37.8,-25.58,62.6,82,20,10.29
238,Mackenzie,CA,2020-02-23 14:41:21,55.3,-123.17,5.0,84,90,4.74
239,Roswell,US,2020-02-23 14:38:14,34.02,-84.36,46.99,75,75,2.51
240,Namatanai,PG,2020-02-23 14:41:22,-3.67,152.43,83.57,73,40,9.64
241,Krutinka,RU,2020-02-23 14:41:22,56.01,71.51,6.64,96,0,2.98
242,Petropavl,KZ,2020-02-23 14:41:22,54.88,69.16,23.68,94,89,6.11
243,Saint-Augustin,CA,2020-02-23 14:41:24,51.23,-58.65,30.18,82,100,22.68
244,Narrabri,AU,2020-02-23 14:41:24,-30.32,149.78,69.01,88,90,3.36
245,Mount Gambier,AU,2020-02-23 14:39:31,-37.83,140.77,55.4,93,100,5.82
246,Bagdarin,RU,2020-02-23 14:41:25,54.43,113.6,0.43,82,0,6.4
247,Sambava,MG,2020-02-23 14:41:25,-14.27,50.17,76.03,97,100,0.56
248,Faya,SA,2020-02-23 14:41:26,18.39,42.45,73.4,43,85,13.87
249,Rocha,UY,2020-02-23 14:41:26,-34.48,-54.33,77.2,37,0,4.14
250,Kahului,US,2020-02-23 14:40:56,20.89,-156.47,66.2,82,1,5.82
251,Zhezkazgan,KZ,2020-02-23 14:41:27,47.8,67.71,19.4,100,90,11.18
252,Tieli,CN,2020-02-23 14:41:28,46.95,128.05,21.34,97,100,2.24
253,Miranda De Ebro,ES,2020-02-23 14:38:22,42.69,-2.95,70.0,37,69,1.12
254,Ettlingen,DE,2020-02-23 14:41:29,48.94,8.41,61.0,62,75,19.46
255,Bengkulu,ID,2020-02-23 14:41:29,-3.8,102.27,76.06,90,20,3.51
256,Bose,IT,2020-02-23 14:41:29,45.46,8.01,64.0,54,90,4.7
257,Sandwick,GB,2020-02-23 14:41:30,60.0,-1.25,41.0,86,40,10.29
258,Khandyga,RU,2020-02-23 14:41:30,62.67,135.6,-5.62,98,100,1.32
259,Airai,TL,2020-02-23 14:41:31,-8.93,125.41,67.93,88,100,2.86
260,Hirara,JP,2020-02-23 14:41:31,24.8,125.28,67.5,75,90,17.52
261,Komsomolskiy,UZ,2020-02-23 14:41:32,40.43,71.72,53.6,62,100,4.7
262,Ajaccio,FR,2020-02-23 14:41:32,42.0,8.92,69.8,63,54,8.05
263,Loikaw,MM,2020-02-23 14:41:33,19.67,97.21,60.71,58,3,2.21
264,Sao Filipe,CV,2020-02-23 14:41:33,14.9,-24.5,67.75,82,100,18.9
265,Touros,BR,2020-02-23 14:41:33,-5.2,-35.46,89.6,55,40,6.93
266,Upington,ZA,2020-02-23 14:41:34,-28.45,21.26,91.4,17,20,8.05
267,Tocopilla,CL,2020-02-23 14:41:34,-22.09,-70.2,72.5,45,9,8.12
268,Erzincan,TR,2020-02-23 14:41:35,39.75,39.5,50.0,53,75,5.82
269,Guanagazapa,GT,2020-02-23 14:41:35,14.23,-90.64,80.6,78,5,1.41
270,Lerwick,GB,2020-02-23 14:41:36,60.15,-1.15,41.0,86,40,10.29
271,Te Anau,NZ,2020-02-23 14:41:36,-45.42,167.72,47.98,84,38,5.88
272,Abalak,RU,2020-02-23 14:41:37,58.13,68.59,26.33,89,93,7.07
273,Nanortalik,GL,2020-02-23 14:41:37,60.14,-45.24,28.42,74,100,3.58
274,Pochutla,MX,2020-02-23 14:41:37,15.74,-96.47,82.0,78,40,5.26
275,Hovd,MN,2020-02-23 14:38:55,48.01,91.64,22.89,57,100,1.88
276,Lavrentiya,RU,2020-02-23 14:41:38,65.58,-171.0,-9.96,83,33,5.32
277,Takoradi,GH,2020-02-23 14:41:39,4.88,-1.76,88.54,66,100,3.8
278,Lodja,CD,2020-02-23 14:41:39,-3.48,23.43,84.88,65,94,1.81
279,Port Elizabeth,ZA,2020-02-23 14:41:40,-33.92,25.57,69.8,56,40,12.75
280,Ambilobe,MG,2020-02-23 14:41:40,-13.2,49.05,79.92,87,100,3.58
281,Ayna,PE,2020-02-23 14:41:41,-12.65,-73.92,62.6,72,40,5.82
282,San Lorenzo,PY,2020-02-23 14:41:42,-25.33,-57.53,77.0,38,57,3.36
283,Ust-Maya,RU,2020-02-23 14:41:42,60.42,134.53,-7.78,98,100,1.32
284,Namibe,AO,2020-02-23 14:41:42,-15.2,12.15,78.8,69,40,16.11
285,Nurota,UZ,2020-02-23 14:41:43,40.56,65.69,53.6,62,74,6.93
286,Yumen,CN,2020-02-23 14:41:43,40.28,97.2,33.48,35,69,15.48
287,Seoul,KR,2020-02-23 14:39:38,37.57,126.98,33.8,74,1,3.67
288,Leningradskiy,RU,2020-02-23 14:41:44,69.38,178.42,-12.17,80,100,7.09
289,Belmonte,BR,2020-02-23 14:41:45,-15.86,-38.88,84.2,74,75,6.93
290,Mezen,RU,2020-02-23 14:41:45,65.85,44.24,33.08,97,100,22.86
291,Guasdualito,VE,2020-02-23 14:41:46,7.24,-70.73,84.2,51,40,6.93
292,Clyde River,CA,2020-02-23 14:41:46,70.47,-68.59,-25.6,74,1,16.11
293,Marrakesh,MA,2020-02-23 14:37:02,31.63,-8.01,82.4,15,0,4.7
294,Cabo San Lucas,MX,2020-02-23 14:37:02,22.89,-109.91,70.0,45,40,6.93
295,Bandarbeyla,SO,2020-02-23 14:41:47,9.49,50.81,78.82,74,91,16.87
296,Constitucion,CL,2020-02-23 14:41:48,-35.33,-72.42,63.3,67,0,5.93
297,San Cristobal,VE,2020-02-23 14:40:31,7.77,-72.22,75.2,83,75,4.7
298,North Bend,US,2020-02-23 14:41:49,43.41,-124.22,48.99,100,90,11.41
299,Bathsheba,BB,2020-02-23 14:36:56,13.22,-59.52,84.2,70,75,16.11
300,Grand-Santi,GF,2020-02-23 14:41:49,4.25,-54.38,88.45,58,99,5.59
301,Humaita,BR,2020-02-23 14:41:50,-7.51,-63.02,76.15,94,100,1.34
302,Adrar,MR,2020-02-23 14:41:50,20.5,-10.07,95.7,6,94,20.4
303,Praia Da Vitoria,PT,2020-02-23 14:41:51,38.73,-27.07,66.2,63,20,8.95
304,Scarborough,GB,2020-02-23 14:41:51,54.28,-0.4,46.0,80,35,19.46
305,Walvis Bay,NA,2020-02-23 14:41:52,-22.96,14.51,73.4,60,34,9.17
306,Petropavlovka,RU,2020-02-23 14:41:52,50.61,105.32,10.69,89,100,1.03
307,Coahuayana,MX,2020-02-23 14:41:52,18.73,-103.68,71.6,68,75,3.36
308,Muncie,US,2020-02-23 14:41:53,40.19,-85.39,41.0,55,90,11.41
309,Goshogawara,JP,2020-02-23 14:41:53,40.8,140.44,36.0,48,67,10.0
310,Aklavik,CA,2020-02-23 14:41:54,68.22,-135.01,-5.8,76,75,3.36
311,Neepawa,CA,2020-02-23 14:41:54,50.23,-99.47,23.0,79,5,24.16
312,Bayana,IN,2020-02-23 14:41:55,26.9,77.28,67.12,55,6,6.82
313,Kirakira,SB,2020-02-23 14:41:55,-10.45,161.92,77.34,88,2,6.13
314,Tukrah,LY,2020-02-23 14:41:56,32.53,20.58,56.3,64,0,21.59
315,Jumla,NP,2020-02-23 14:41:56,29.27,82.18,32.54,85,92,1.68
316,Suntar,RU,2020-02-23 14:41:57,62.14,117.63,-3.5,98,74,4.34
317,Kizukuri,JP,2020-02-23 14:41:57,40.81,140.39,36.0,48,67,10.0
318,Graaff-Reinet,ZA,2020-02-23 14:39:38,-32.25,24.53,73.0,40,0,4.0
319,Pemba,MZ,2020-02-23 14:41:58,-12.97,40.52,86.0,79,75,10.29
320,Narsaq,GL,2020-02-23 14:41:58,60.92,-46.05,24.8,73,100,6.93
321,Kulhudhuffushi,MV,2020-02-23 14:41:59,6.62,73.07,82.38,76,69,11.97
322,Ruidoso,US,2020-02-23 14:41:59,33.33,-105.67,55.4,45,1,32.21
323,Sao Jose De Ribamar,BR,2020-02-23 14:42:00,-2.56,-44.05,86.0,70,40,6.93
324,Faanui,PF,2020-02-23 14:42:00,-16.48,-151.75,82.09,73,100,9.86
325,Tulum,MX,2020-02-23 14:41:22,20.22,-87.47,73.0,83,75,13.87
326,Bontang,ID,2020-02-23 14:42:02,0.13,117.5,81.73,77,100,15.43
327,Fairbanks,US,2020-02-23 14:42:02,64.84,-147.72,-2.2,83,90,3.36
328,Arandas,MX,2020-02-23 14:42:03,20.7,-102.35,67.62,48,0,0.78
329,Alekseyevka,RU,2020-02-23 14:42:03,50.63,38.69,33.26,97,100,18.34
330,Tual,ID,2020-02-23 14:42:03,-5.67,132.75,82.9,80,63,10.96
331,Svetlogorsk,BY,2020-02-23 14:42:04,52.63,29.73,41.77,60,84,11.32
332,Sovetskiy,RU,2020-02-23 14:42:04,61.36,63.58,30.04,83,100,13.78
333,Tatarsk,RU,2020-02-23 14:42:05,55.22,75.98,17.69,94,100,2.13
334,Sitka,US,2020-02-23 14:42:05,57.05,-135.33,37.4,98,90,12.75
335,Iquitos,PE,2020-02-23 14:40:52,-3.75,-73.25,42.8,100,90,4.7
336,Bud,US,2020-02-23 14:42:06,39.45,-86.18,43.0,59,90,10.16
337,Hisai,JP,2020-02-23 14:42:07,34.67,136.47,46.4,61,20,14.99
338,Eyl,SO,2020-02-23 14:42:07,7.98,49.82,78.87,76,50,22.21
339,Potsdam,DE,2020-02-23 14:42:08,52.4,13.07,50.0,93,90,2.24
340,Linqing,CN,2020-02-23 14:42:08,36.85,115.71,53.24,62,0,9.08
341,Along,IN,2020-02-23 14:42:09,28.17,94.77,58.77,70,30,4.09
342,Nouadhibou,MR,2020-02-23 14:42:09,20.93,-17.03,66.2,77,20,13.87
343,Urucara,BR,2020-02-23 14:42:10,-2.54,-57.76,85.39,74,42,5.21
344,Sturgis,US,2020-02-23 14:42:10,41.8,-85.42,39.0,59,1,11.41
345,Marshall,US,2020-02-23 14:42:11,34.38,-86.33,46.99,61,90,4.18
346,Xuchang,CN,2020-02-23 14:42:11,34.02,113.82,51.8,71,100,2.24
347,Nome,US,2020-02-23 14:42:12,64.5,-165.41,-0.4,77,90,13.87
348,Klaksvik,FO,2020-02-23 14:42:12,62.23,-6.59,37.4,74,62,17.22
349,Norrtalje,SE,2020-02-23 14:42:12,59.76,18.7,46.4,45,32,18.34
350,Whitehaven,GB,2020-02-23 14:42:13,54.55,-3.58,45.0,76,13,1.99
351,Turayf,SA,2020-02-23 14:42:14,31.67,38.66,64.4,36,85,18.34
352,Athabasca,CA,2020-02-23 14:41:31,54.72,-113.29,11.84,82,0,8.97
353,Andijon,UZ,2020-02-23 14:39:24,40.78,72.34,53.6,87,67,2.24
354,Wallenhorst,DE,2020-02-23 14:42:15,52.35,8.02,53.6,76,100,25.28
355,Mvuma,ZW,2020-02-23 14:42:15,-19.28,30.53,77.74,61,75,14.56
356,Lincoln,US,2020-02-23 14:42:16,40.8,-96.67,35.01,92,1,8.05
357,Tasiilaq,GL,2020-02-23 14:42:16,65.61,-37.64,12.2,72,100,2.24
358,Redmond,US,2020-02-23 14:42:02,47.67,-122.12,50.0,70,90,19.46
359,Mukhen,RU,2020-02-23 14:42:18,48.1,136.1,7.07,91,63,5.82
360,Gizo,SB,2020-02-23 14:42:18,-8.1,156.84,77.65,89,49,5.08
361,Hamilton,US,2020-02-23 14:37:37,39.18,-84.53,39.0,51,90,9.17
362,Mirnyy,RU,2020-02-23 14:42:19,62.54,113.96,-0.4,84,0,8.95
363,Beloha,MG,2020-02-23 14:42:19,-25.17,45.05,82.51,74,69,3.13
364,Le Port,RE,2020-02-23 14:42:20,-20.94,55.29,82.4,78,90,11.41
365,Verkhnevilyuysk,RU,2020-02-23 14:42:20,63.45,120.32,-6.63,99,78,3.31
366,Vao,NC,2020-02-23 14:42:21,-22.67,167.48,78.1,74,100,13.33
367,Tarbes,FR,2020-02-23 14:42:21,43.25,0.17,70.0,28,0,9.17
368,Batouri,CM,2020-02-23 14:42:22,4.43,14.37,101.62,11,34,8.03
369,Taunggyi,MM,2020-02-23 14:42:23,20.78,97.03,65.46,56,84,2.91
370,Ilebo,CD,2020-02-23 14:42:23,-4.32,20.58,83.8,66,100,2.51
371,Nioro,GM,2020-02-23 14:42:24,13.35,-15.75,102.15,11,55,6.38
372,Alice Springs,AU,2020-02-23 14:42:24,-23.7,133.88,80.6,21,0,8.05
373,Namtsy,RU,2020-02-23 14:42:24,62.72,129.67,-22.0,74,76,4.47
374,Husavik,IS,2020-02-23 14:42:25,66.04,-17.34,26.78,67,1,10.74
375,Lubango,AO,2020-02-23 14:42:25,-14.92,13.49,80.6,51,40,4.7
376,Vinh,VN,2020-02-23 14:42:26,18.67,105.67,63.93,93,32,1.07
377,Laguna,US,2020-02-23 14:42:26,38.42,-121.42,48.2,100,90,3.36
378,Bogovarovo,RU,2020-02-23 14:42:26,58.98,47.02,28.87,93,100,15.55
379,Bubaque,GW,2020-02-23 14:42:27,11.28,-15.83,78.75,58,100,10.78
380,Kichera,RU,2020-02-23 14:42:27,55.94,110.1,3.58,82,44,4.79
381,Katangli,RU,2020-02-23 14:42:28,51.71,143.23,-3.23,96,0,5.32
382,Rio Grande,BR,2020-02-23 14:42:28,-32.03,-52.1,77.0,47,40,11.41
383,Yarim,YE,2020-02-23 14:42:29,14.3,44.38,69.35,14,0,15.43
384,Dalvik,IS,2020-02-23 14:42:29,65.97,-18.53,24.82,77,51,19.44
385,Killybegs,IE,2020-02-23 14:42:29,54.63,-8.45,46.4,59,20,23.04
386,Snasa,NO,2020-02-23 14:42:30,64.25,12.38,25.68,91,94,17.47
387,Miracatu,BR,2020-02-23 14:38:28,-24.28,-47.46,75.27,66,100,4.16
388,Vaitape,PF,2020-02-23 14:42:31,-16.52,-151.75,82.09,73,100,9.86
389,Henties Bay,NA,2020-02-23 14:42:31,-22.12,14.28,74.43,57,0,11.77
390,Hohhot,CN,2020-02-23 14:42:31,40.81,111.65,28.4,58,14,6.71
391,Russell,US,2020-02-23 14:42:32,32.35,-85.2,48.99,93,75,3.6
392,Machali,CL,2020-02-23 14:42:32,-34.18,-70.67,66.2,63,0,3.36
393,Rio Gallegos,AR,2020-02-23 14:42:33,-51.62,-69.22,57.2,47,69,16.11
394,Jiangyou,CN,2020-02-23 14:42:33,31.77,104.72,40.41,89,80,2.57
395,Leninskoye,RU,2020-02-23 14:42:33,47.94,132.62,11.71,89,100,2.48
396,Okhotsk,RU,2020-02-23 14:42:34,59.38,143.3,-12.26,91,0,4.9
397,Katsuura,JP,2020-02-23 14:42:34,35.13,140.3,46.4,36,20,21.92
398,La Ronge,CA,2020-02-23 14:42:35,55.1,-105.28,19.4,79,75,6.93
399,Karratha,AU,2020-02-23 14:42:35,-20.74,116.85,81.77,79,0,15.48
400,Geraldton,AU,2020-02-23 14:40:15,-28.77,114.6,75.2,83,0,5.82
401,Manono,CD,2020-02-23 14:42:37,-7.3,27.42,80.01,88,100,2.98
402,Camacha,PT,2020-02-23 14:42:37,33.08,-16.33,68.0,77,20,18.34
403,Kangaatsiaq,GL,2020-02-23 14:42:37,68.31,-53.46,4.05,69,0,9.89
404,Lompoc,US,2020-02-23 14:42:38,34.64,-120.46,53.6,76,90,3.36
405,Vanimo,PG,2020-02-23 14:42:38,-2.67,141.3,82.24,83,100,18.23
406,Igarka,RU,2020-02-23 14:42:39,67.47,86.58,13.8,94,100,12.93
407,Jutai,BR,2020-02-23 14:42:39,-5.18,-68.9,84.34,71,91,3.29
408,Lokoja,NG,2020-02-23 14:42:40,7.8,6.74,103.73,11,53,5.37
409,Baruun-Urt,MN,2020-02-23 14:42:40,46.68,113.28,13.21,76,83,0.78
410,Hasaki,JP,2020-02-23 14:42:41,35.73,140.83,45.0,45,20,6.93
411,Dalaba,GN,2020-02-23 14:42:41,10.7,-12.25,100.74,11,20,7.31
412,Saint-Joseph,RE,2020-02-23 14:42:42,-21.37,55.62,82.4,65,75,5.82
413,Aykhal,RU,2020-02-23 14:42:42,66.0,111.5,3.2,84,100,6.71
414,Sawtell,AU,2020-02-23 14:42:42,-30.38,153.1,66.99,93,90,5.82
415,Pocone,BR,2020-02-23 14:42:43,-16.26,-56.62,69.42,98,100,4.61
416,Kampong Thum,KH,2020-02-23 14:42:43,12.71,104.89,77.49,34,0,8.41
417,Gusino,RU,2020-02-23 14:42:44,54.72,31.37,37.13,76,98,13.44
418,Moerai,PF,2020-02-23 14:42:44,-22.43,-151.33,80.8,66,98,2.39
419,Kalmunai,LK,2020-02-23 14:42:44,7.42,81.82,81.21,80,72,16.69
420,Conde,BR,2020-02-23 14:42:45,-7.26,-34.91,89.6,55,40,6.93
421,Erenhot,CN,2020-02-23 14:42:45,43.65,111.98,25.88,73,11,6.91
422,Vanavara,RU,2020-02-23 14:42:46,60.34,102.28,16.43,96,94,5.99
423,Baoning,CN,2020-02-23 14:42:46,25.34,110.03,59.0,93,100,1.7
424,Vardo,NO,2020-02-23 14:42:46,70.37,31.11,31.71,81,97,9.75
425,Iberia,US,2020-02-23 14:42:47,29.95,-91.75,55.99,93,90,5.82
426,Valdivia,CL,2020-02-23 14:42:47,-39.81,-73.25,57.2,87,90,2.24
427,Jeremoabo,BR,2020-02-23 14:42:48,-10.07,-38.48,89.46,51,57,2.55
428,Krasnoselkup,RU,2020-02-23 14:42:48,65.7,82.47,18.19,93,99,21.18
429,Rupert,US,2020-02-23 14:42:48,42.62,-113.68,26.6,78,1,1.1
430,Berdigestyakh,RU,2020-02-23 14:42:49,62.1,126.7,-5.3,98,93,2.3
431,Ereymentau,KZ,2020-02-23 14:42:49,51.62,73.1,11.28,98,97,5.59
432,Burnie,AU,2020-02-23 14:42:50,-41.07,145.92,59.59,76,73,6.04
433,Darhan,MN,2020-02-23 14:42:50,49.49,105.92,13.24,89,100,3.36
434,Bonthe,SL,2020-02-23 14:42:51,7.53,-12.51,90.84,58,3,13.73
435,Asau,RO,2020-02-23 14:42:51,46.43,26.4,59.0,38,100,10.29
436,Nyaunglebin,MM,2020-02-23 14:42:52,17.95,96.73,77.81,33,12,4.27
437,Santa Rosalia,MX,2020-02-23 14:42:52,27.32,-112.28,54.45,57,100,4.32
438,Ler,SS,2020-02-23 14:42:53,8.3,30.14,102.58,8,55,4.63
439,Antalaha,MG,2020-02-23 14:42:53,-14.9,50.28,82.99,74,95,4.83
440,Oussouye,SN,2020-02-23 14:42:53,12.48,-16.55,95.0,32,72,6.93
441,Krapivinskiy,RU,2020-02-23 14:42:54,55.0,86.81,24.8,92,40,6.71
442,Baisha,CN,2020-02-23 14:42:54,26.52,110.93,57.24,86,100,3.27
443,Buala,SB,2020-02-23 14:42:55,-8.14,159.59,80.53,84,2,5.1
444,San Pedro De Cajas,PE,2020-02-23 14:42:55,-11.25,-75.86,46.6,62,99,3.71
445,Karasjok,NO,2020-02-23 14:42:55,69.47,25.51,24.8,79,75,3.36
446,Socorro,US,2020-02-23 14:42:56,31.65,-106.3,59.0,71,40,8.05
447,Ampere,BR,2020-02-23 14:42:56,-25.91,-53.47,78.96,55,100,5.73
448,Abha,SA,2020-02-23 14:42:57,18.22,42.51,73.4,43,82,13.87
449,Katav-Ivanovsk,RU,2020-02-23 14:42:57,54.75,58.2,19.54,92,48,4.14
450,Pangai,TO,2020-02-23 14:42:58,-19.8,-174.35,79.95,86,24,17.69
451,Temerloh,MY,2020-02-23 14:42:59,3.45,102.42,75.54,82,63,2.01
452,Caravelas,BR,2020-02-23 14:42:59,-17.71,-39.25,79.92,86,99,19.42
453,Wattegama,LK,2020-02-23 14:43:00,6.8,81.48,78.8,100,20,10.29
454,Kyaukse,MM,2020-02-23 14:43:00,21.6,96.13,73.4,56,40,2.24
455,Acari,PE,2020-02-23 14:43:01,-15.43,-74.62,73.31,69,98,6.62
456,Vidnoye,RU,2020-02-23 14:43:01,55.55,37.71,39.0,84,75,11.18
457,Vila Velha,BR,2020-02-23 14:40:55,-20.33,-40.29,80.01,73,90,11.41
458,Mayo,US,2020-02-23 14:43:02,38.89,-76.51,46.99,51,1,4.23
459,Tsabong,BW,2020-02-23 14:43:03,-26.02,22.4,91.33,20,71,8.12
460,Mende,FR,2020-02-23 14:43:03,44.67,3.5,64.4,20,0,10.29
461,Okato,NZ,2020-02-23 14:43:04,-39.2,173.88,53.01,73,0,13.0
462,Pangnirtung,CA,2020-02-23 14:43:04,66.15,-65.71,-32.13,95,99,2.64
463,Poum,NC,2020-02-23 14:43:05,-20.23,164.02,81.05,76,39,22.15
464,San Borja,BO,2020-02-23 14:43:05,-14.82,-66.85,80.76,45,38,4.97
465,Kutum,SD,2020-02-23 14:43:06,14.2,24.67,86.67,8,0,10.58
466,Zhangye,CN,2020-02-23 14:43:06,38.93,100.45,37.06,33,57,10.89
467,Itoman,JP,2020-02-23 14:43:06,26.12,127.67,62.6,67,40,4.7
468,Byron Bay,AU,2020-02-23 14:43:07,-28.65,153.62,71.01,100,99,5.82
469,Dzilam Gonzalez,MX,2020-02-23 14:43:08,21.28,-88.93,72.59,69,14,13.69
470,Flin Flon,CA,2020-02-23 14:43:08,54.77,-101.86,26.6,79,75,10.29
471,Atar,MR,2020-02-23 14:43:08,20.52,-13.05,96.35,10,100,19.19
472,Pathein,MM,2020-02-23 14:43:09,16.78,94.73,75.99,67,0,7.83
473,Vila,PT,2020-02-23 14:43:09,42.03,-8.16,75.0,49,0,2.24
474,Callaguip,PH,2020-02-23 14:43:10,18.07,120.49,73.96,74,37,9.82
475,Puerto Rico,AR,2020-02-23 14:43:10,-26.8,-55.02,80.89,35,100,4.85
476,Tutoia,BR,2020-02-23 14:43:11,-2.76,-42.27,82.36,83,79,4.43
477,Gandajika,CD,2020-02-23 14:43:11,-6.75,23.95,72.73,93,100,7.47
478,Thinadhoo,MV,2020-02-23 14:43:11,0.53,72.93,83.01,80,100,13.67
479,Altay,CN,2020-02-23 14:43:12,47.87,88.12,13.95,97,100,0.89
480,Northam,GB,2020-02-23 14:43:12,51.03,-4.22,54.0,71,40,16.11
481,Ochakiv,UA,2020-02-23 14:43:13,46.61,31.55,46.4,65,89,11.18
482,Patitirion,GR,2020-02-23 14:43:13,39.15,23.87,55.4,47,20,6.93
483,Oistins,BB,2020-02-23 14:42:36,13.07,-59.53,84.2,70,75,16.11
484,Maniitsoq,GL,2020-02-23 14:43:14,65.42,-52.9,14.9,59,100,14.18
485,Kisangani,CD,2020-02-23 14:43:14,0.52,25.2,94.5,36,58,3.15
486,Fukuma,JP,2020-02-23 14:43:15,33.77,130.47,46.4,75,0,4.7
487,Deputatskiy,RU,2020-02-23 14:43:16,69.3,139.9,-20.65,96,48,3.18
488,Vallenar,CL,2020-02-23 14:43:16,-28.57,-70.76,72.48,48,0,7.78
489,Alihe,CN,2020-02-23 14:43:16,50.57,123.72,9.7,91,87,4.79
490,Aksarka,RU,2020-02-23 14:43:17,66.56,67.8,28.85,86,98,23.98
491,Blythe,US,2020-02-23 14:43:17,33.61,-114.6,51.01,72,65,5.01
492,Zeya,RU,2020-02-23 14:43:18,53.75,127.27,5.52,96,100,1.83
493,Madang,PG,2020-02-23 14:43:18,-5.22,145.8,82.13,81,100,18.88
494,Nueva Loja,EC,2020-02-23 14:43:19,0.08,-76.88,71.6,100,90,2.24
495,Zarand,IR,2020-02-23 14:43:19,30.81,56.56,52.54,31,0,1.59
496,Saldanha,ZA,2020-02-23 14:43:19,-33.01,17.94,89.6,17,0,20.8
497,Pacifica,US,2020-02-23 14:43:20,37.61,-122.49,51.8,81,90,8.05
498,Kayerkan,RU,2020-02-23 14:43:20,69.35,87.76,12.2,92,75,33.55
499,Mopipi,BW,2020-02-23 14:43:21,-21.18,24.88,89.62,34,58,9.26
500,Soweto,ZA,2020-02-23 14:40:16,-26.27,27.86,75.2,57,75,14.99
501,Moose Factory,CA,2020-02-23 14:43:22,51.26,-80.61,8.6,84,40,8.05
502,Puerto Madryn,AR,2020-02-23 14:43:22,-42.77,-65.04,86.86,13,0,8.79
503,Kadiri,IN,2020-02-23 14:43:23,14.12,78.17,74.7,54,100,14.23
504,Ahipara,NZ,2020-02-23 14:43:24,-35.17,173.17,57.99,98,0,1.01
505,Ferry Pass,US,2020-02-23 14:43:24,30.51,-87.21,54.0,61,1,6.93
506,Dunedin,NZ,2020-02-23 14:42:55,-45.87,170.5,57.99,80,88,4.14
507,Tarakan,ID,2020-02-23 14:43:25,3.3,117.63,80.53,79,71,10.67
508,Turan,VN,2020-02-23 14:42:32,16.07,108.22,73.4,78,20,2.24
509,Sapele,NG,2020-02-23 14:40:12,5.89,5.68,98.13,37,89,7.7
510,Tessalit,ML,2020-02-23 14:43:26,20.2,1.01,92.82,7,0,9.04
511,Arinos,BR,2020-02-23 14:43:27,-15.92,-46.11,89.06,60,5,1.72
512,Charcas,MX,2020-02-23 14:43:27,23.13,-101.12,62.08,50,1,2.3
513,Muros,ES,2020-02-23 14:43:28,42.78,-9.06,75.0,49,0,3.36
514,Wufeng,CN,2020-02-23 14:43:28,27.45,104.83,46.8,93,95,1.9
515,Putnok,HU,2020-02-23 14:43:29,48.3,20.43,45.81,84,100,12.37
516,The Valley,AI,2020-02-23 14:43:29,18.22,-63.06,84.2,65,20,10.29
517,Jacqueville,CI,2020-02-23 14:43:29,5.21,-4.41,89.6,75,40,13.87
518,Sorland,NO,2020-02-23 14:43:30,67.67,12.69,33.8,88,90,34.45
519,Los Llanos De Aridane,ES,2020-02-23 14:43:30,28.66,-17.92,78.8,31,0,4.7
520,Emerald,AU,2020-02-23 14:43:31,-23.53,148.17,75.2,94,75,6.93
521,Clarence Town,AU,2020-02-23 14:43:31,-32.58,151.78,71.01,83,40,4.7
522,Alofi,NU,2020-02-23 14:43:32,-19.06,-169.92,80.15,87,100,15.68
523,Sibolga,ID,2020-02-23 14:39:40,1.74,98.78,73.8,85,0,3.0
524,Tuatapere,NZ,2020-02-23 14:43:32,-46.13,167.68,55.99,86,53,4.0
525,San Vicente,AR,2020-02-23 14:43:33,-26.62,-54.13,77.0,74,100,1.01
526,Bundu,IN,2020-02-23 14:43:33,23.18,85.58,69.8,64,75,1.3
527,Lata,PT,2020-02-23 14:43:34,40.16,-8.33,77.0,27,0,4.7
528,Paita,PE,2020-02-23 14:43:34,-5.09,-81.11,62.6,100,40,8.05
529,Ratnagiri,IN,2020-02-23 14:43:34,16.98,73.3,72.36,63,0,1.34
530,Acapulco,MX,2020-02-23 14:43:35,16.86,-99.89,75.2,73,5,0.85
531,Vestmannaeyjar,IS,2020-02-23 14:43:35,63.44,-20.27,35.6,55,75,20.8
532,Simao,CN,2020-02-23 14:43:36,22.79,100.97,54.28,92,11,2.86
533,Merauke,ID,2020-02-23 14:43:36,-8.47,140.33,77.05,94,100,5.77
534,Porto Nacional,BR,2020-02-23 14:43:37,-10.71,-48.42,87.33,64,22,3.36
535,Kavaratti,IN,2020-02-23 14:43:37,10.57,72.64,82.53,71,88,1.07
536,Elko,US,2020-02-23 14:43:37,41.0,-115.5,26.01,78,1,2.91
537,Bela,IN,2020-02-23 14:43:38,25.93,81.98,68.5,66,1,2.35
538,Natal,BR,2020-02-23 14:40:04,-5.79,-35.21,89.6,62,40,12.75
539,Praia,CV,2020-02-23 14:43:39,14.92,-23.51,73.4,64,90,19.46
540,Broome,US,2020-02-23 14:41:39,42.25,-75.83,37.99,46,1,9.17
541,Port Hardy,CA,2020-02-23 14:43:40,50.7,-127.42,39.2,93,90,18.34
542,Teya,RU,2020-02-23 14:43:40,60.38,92.63,12.11,94,79,3.53
543,Hay River,CA,2020-02-23 14:43:40,60.82,-115.8,3.2,84,90,3.36
544,Tala,EG,2020-02-23 14:43:41,30.68,30.94,63.34,37,77,8.03
545,Garhakota,IN,2020-02-23 14:43:42,23.77,79.15,70.92,37,2,9.98
