City_ID,City_ID,City,Country,Date,Lat,Lng,Max Temp,Humidity,Cloudiness,Wind Speed,Current Description,Rain Inches (last 3 hrs),Snow Inches (last 3 hrs)
0,0,Palembang,ID,2020-02-24 02:57:22,-2.92,104.75,85.21,69,3,6.73,light rain,0.5,0.0
1,1,Hurricane,US,2020-02-24 02:57:23,37.18,-113.29,51.8,75,0,6.93,clear sky,0.0,0.0
2,2,Pisco,PE,2020-02-24 02:57:23,-13.7,-76.22,77.0,78,75,8.05,broken clouds,0.0,0.0
3,3,Faanui,PF,2020-02-24 02:57:23,-16.48,-151.75,83.39,70,6,9.04,light rain,0.13,0.0
4,4,College,US,2020-02-24 02:57:24,64.86,-147.8,-2.0,70,20,0.87,few clouds,0.0,0.0
5,5,Busselton,AU,2020-02-24 02:57:24,-33.65,115.33,82.99,32,100,15.21,overcast clouds,0.0,0.0
6,6,Hobart,AU,2020-02-24 02:52:34,-42.88,147.33,73.0,60,75,10.29,broken clouds,0.0,0.0
7,7,Georgetown,MY,2020-02-24 02:57:25,5.41,100.34,86.0,58,20,4.7,few clouds,0.0,0.0
8,8,Lata,PT,2020-02-24 02:57:26,40.16,-8.33,46.99,93,0,1.12,clear sky,0.0,0.0
9,9,Mahebourg,MU,2020-02-24 02:57:26,-20.41,57.7,75.99,94,20,3.36,few clouds,0.0,0.0
10,10,Dalvik,IS,2020-02-24 02:57:26,65.97,-18.53,27.46,94,100,6.58,snow,0.0,1.56
11,11,East London,ZA,2020-02-24 02:57:27,-33.02,27.91,63.61,68,10,3.29,clear sky,0.0,0.0
12,12,Dakar,SN,2020-02-24 02:57:27,14.69,-17.44,71.6,73,100,16.11,overcast clouds,0.0,0.0
13,13,Nyzhni Sirohozy,UA,2020-02-24 02:57:28,46.85,34.38,41.36,92,100,19.69,light rain,0.56,0.0
14,14,Severo-Kurilsk,RU,2020-02-24 02:57:28,50.68,156.12,26.6,96,100,34.47,snow,0.0,2.5
15,15,Pevek,RU,2020-02-24 02:57:29,69.7,170.31,-19.57,95,29,8.79,scattered clouds,0.0,0.0
16,16,Mlimba,TZ,2020-02-24 02:57:29,-8.8,35.82,73.89,99,100,2.01,light rain,1.63,0.0
17,17,San Andres,CO,2020-02-24 02:56:41,12.58,-81.7,77.0,88,75,11.41,broken clouds,0.0,0.0
18,18,Tilichiki,RU,2020-02-24 02:57:30,60.47,166.1,2.61,88,100,7.36,overcast clouds,0.0,0.0
19,19,Rikitea,PF,2020-02-24 02:57:30,-23.12,-134.97,80.06,69,12,7.72,light rain,0.38,0.0
20,20,Yellowknife,CA,2020-02-24 02:57:31,62.46,-114.35,-5.01,70,75,4.7,broken clouds,0.0,0.0
21,21,Quatre Cocos,MU,2020-02-24 02:57:31,-20.21,57.76,75.99,94,20,3.36,few clouds,0.0,0.0
22,22,Cape Town,ZA,2020-02-24 02:57:32,-33.93,18.42,63.0,59,0,18.34,clear sky,0.0,0.0
23,23,Maldonado,UY,2020-02-24 02:57:32,-34.67,-54.92,64.4,88,78,8.05,broken clouds,0.0,0.0
24,24,Ribeira Grande,PT,2020-02-24 02:57:32,38.52,-28.7,55.54,84,87,7.36,overcast clouds,0.0,0.0
25,25,Butaritari,KI,2020-02-24 02:57:33,3.07,172.79,84.13,77,35,21.0,moderate rain,6.31,0.0
26,26,Hermanus,ZA,2020-02-24 02:57:33,-34.42,19.23,62.01,77,0,5.01,clear sky,0.0,0.0
27,27,Tatarbunary,UA,2020-02-24 02:58:11,45.84,29.61,46.8,72,100,19.55,light rain,0.13,0.0
28,28,Codrington,AU,2020-02-24 02:58:11,-38.27,141.97,62.82,86,51,13.11,broken clouds,0.0,0.0
29,29,Port Lincoln,AU,2020-02-24 02:58:12,-34.73,135.87,79.86,42,0,9.4,clear sky,0.0,0.0
30,30,Kapaa,US,2020-02-24 02:58:12,22.08,-159.32,80.6,69,1,10.29,clear sky,0.0,0.0
31,31,Punta Arenas,CL,2020-02-24 02:58:13,-53.15,-70.92,46.4,65,40,26.4,scattered clouds,0.0,0.0
32,32,Kavieng,PG,2020-02-24 02:58:13,-2.57,150.8,85.08,69,24,10.0,few clouds,0.0,0.0
33,33,New Norfolk,AU,2020-02-24 02:58:14,-42.78,147.06,73.0,60,75,10.29,broken clouds,0.0,0.0
34,34,Ushuaia,AR,2020-02-24 02:58:15,-54.8,-68.3,42.8,81,40,34.45,scattered clouds,0.0,0.0
35,35,Arraial Do Cabo,BR,2020-02-24 02:58:15,-22.97,-42.03,75.34,70,100,7.4,overcast clouds,0.0,0.0
36,36,Thompson,CA,2020-02-24 02:58:16,55.74,-97.86,12.2,78,90,8.05,light snow,0.0,0.0
37,37,Cherskiy,RU,2020-02-24 02:58:16,68.75,161.3,-19.5,87,55,4.5,broken clouds,0.0,0.0
38,38,Jiayuguan,CN,2020-02-24 02:58:17,39.82,98.3,41.97,24,0,10.45,clear sky,0.0,0.0
39,39,Hambantota,LK,2020-02-24 02:58:17,6.12,81.12,77.0,100,40,10.29,scattered clouds,0.0,0.0
40,40,Byron Bay,AU,2020-02-24 02:58:17,-28.65,153.62,75.99,88,75,9.17,light rain,0.0,0.0
41,41,Vila Velha,BR,2020-02-24 02:58:18,-20.33,-40.29,75.2,73,75,8.05,broken clouds,0.0,0.0
42,42,Bredasdorp,ZA,2020-02-24 02:58:19,-34.53,20.04,62.01,81,0,5.82,clear sky,0.0,0.0
43,43,Klaksvik,FO,2020-02-24 02:58:19,62.23,-6.59,37.4,69,59,20.8,broken clouds,0.0,0.0
44,44,Hilo,US,2020-02-24 02:58:20,19.73,-155.09,80.6,57,1,10.29,clear sky,0.0,0.0
45,45,Vaini,TO,2020-02-24 02:58:20,-21.2,-175.2,84.2,83,75,9.17,broken clouds,0.0,0.0
46,46,Ponta Do Sol,PT,2020-02-24 02:58:21,32.67,-17.1,69.01,63,20,16.11,few clouds,0.0,0.0
47,47,Saint-Philippe,RE,2020-02-24 02:58:21,-21.36,55.77,75.2,64,19,8.05,few clouds,0.0,0.0
48,48,Avarua,CK,2020-02-24 02:58:21,-21.21,-159.78,78.8,94,100,4.7,light rain,0.0,0.0
49,49,Bintulu,MY,2020-02-24 02:58:22,3.17,113.03,82.4,78,75,4.7,haze,0.0,0.0
50,50,San Vicente,AR,2020-02-24 02:58:22,-26.62,-54.13,64.49,97,66,2.39,broken clouds,0.0,0.0
51,51,Qaanaaq,GL,2020-02-24 02:58:23,77.48,-69.36,-17.82,59,0,6.38,clear sky,0.0,0.0
52,52,Barrow,US,2020-02-24 02:58:23,71.29,-156.79,-23.8,74,40,13.87,scattered clouds,0.0,0.0
53,53,Aguai,BR,2020-02-24 02:58:24,-22.06,-46.98,68.0,88,20,5.82,few clouds,0.0,0.0
54,54,Fort Nelson,CA,2020-02-24 02:58:24,58.81,-122.7,23.0,57,75,3.36,broken clouds,0.0,0.0
55,55,Mataura,NZ,2020-02-24 02:53:55,-46.19,168.86,66.99,58,10,15.01,clear sky,0.0,0.0
56,56,Moree,AU,2020-02-24 02:58:25,-29.47,149.85,78.8,61,90,2.24,overcast clouds,0.0,0.0
57,57,Salamanca,ES,2020-02-24 02:58:25,40.83,-6.0,28.4,92,0,3.36,clear sky,0.0,0.0
58,58,Chapais,CA,2020-02-24 02:58:26,49.78,-74.85,26.6,86,75,10.29,broken clouds,0.0,0.0
59,59,Linkuva,LT,2020-02-24 02:58:26,56.09,23.97,35.6,93,90,12.75,overcast clouds,0.0,0.0
60,60,Kailua,US,2020-02-24 02:58:27,21.4,-157.74,82.4,69,90,10.29,overcast clouds,0.0,0.0
61,61,Grand Gaube,MU,2020-02-24 02:58:27,-20.01,57.66,75.99,94,20,3.36,few clouds,0.0,0.0
62,62,Mahibadhoo,MV,2020-02-24 02:58:28,3.78,72.97,82.96,78,68,18.19,light rain,0.19,0.0
63,63,Lorengau,PG,2020-02-24 02:58:28,-2.02,147.27,83.8,69,74,2.26,broken clouds,0.0,0.0
64,64,Balad,IQ,2020-02-24 02:58:28,34.02,44.15,58.32,60,100,8.81,overcast clouds,0.0,0.0
65,65,Chuy,UY,2020-02-24 02:58:29,-33.7,-53.46,63.9,74,52,10.13,broken clouds,0.0,0.0
66,66,Atuona,PF,2020-02-24 02:58:29,-9.8,-139.03,81.27,78,22,12.55,few clouds,0.0,0.0
67,67,Albany,US,2020-02-24 02:58:30,42.6,-73.97,35.01,58,1,3.29,clear sky,0.0,0.0
68,68,Bluff,NZ,2020-02-24 02:58:30,-46.6,168.33,66.99,58,13,15.01,few clouds,0.0,0.0
69,69,Roma,US,2020-02-24 02:54:41,43.21,-75.46,39.99,73,1,11.81,clear sky,0.0,0.0
70,70,Klyuchi,RU,2020-02-24 02:58:31,52.27,79.17,12.87,95,76,3.69,broken clouds,0.0,0.0
71,71,Yulara,AU,2020-02-24 02:58:31,-25.24,130.99,93.2,15,0,12.75,clear sky,0.0,0.0
72,72,Road Town,VG,2020-02-24 02:58:32,18.42,-64.62,78.8,74,40,6.93,scattered clouds,0.0,0.0
73,73,La Orilla,MX,2020-02-24 02:58:32,17.98,-102.23,73.4,84,0,1.07,clear sky,0.0,0.0
74,74,Bilma,NE,2020-02-24 02:58:33,18.69,12.92,56.25,36,99,13.27,overcast clouds,0.0,0.0
75,75,Elizabeth City,US,2020-02-24 02:58:33,36.29,-76.25,50.0,70,1,8.05,clear sky,0.0,0.0
76,76,Acarau,BR,2020-02-24 02:58:33,-2.89,-40.12,75.42,96,4,3.02,clear sky,0.0,0.0
77,77,Oranjemund,,2020-02-24 02:58:34,-28.55,16.43,77.9,25,0,7.85,clear sky,0.0,0.0
78,78,Chicama,PE,2020-02-24 02:58:35,-7.84,-79.15,75.2,83,75,6.93,mist,0.0,0.0
79,79,Mar Del Plata,AR,2020-02-24 02:58:35,-38.0,-57.56,66.0,82,0,9.17,clear sky,0.0,0.0
80,80,Pimentel,PE,2020-02-24 02:58:36,-6.84,-79.93,66.2,29,90,9.17,overcast clouds,0.0,0.0
81,81,Khatanga,RU,2020-02-24 02:58:36,71.97,102.5,19.26,93,100,18.66,light snow,0.0,0.63
82,82,Port Alfred,ZA,2020-02-24 02:54:05,-33.59,26.89,57.99,82,0,3.47,clear sky,0.0,0.0
83,83,Tuatapere,NZ,2020-02-24 02:58:37,-46.13,167.68,66.99,58,18,15.01,few clouds,0.0,0.0
84,84,Salalah,OM,2020-02-24 02:58:37,17.02,54.09,73.4,73,20,2.24,few clouds,0.0,0.0
85,85,Romita,MX,2020-02-24 02:58:38,20.87,-101.52,69.8,35,40,6.93,scattered clouds,0.0,0.0
86,86,Kaitangata,NZ,2020-02-24 02:58:39,-46.28,169.85,64.99,66,86,7.0,overcast clouds,0.0,0.0
87,87,Chokurdakh,RU,2020-02-24 02:58:39,70.63,147.92,-20.76,97,85,3.24,overcast clouds,0.0,0.0
88,88,Bandarbeyla,SO,2020-02-24 02:58:40,9.49,50.81,77.14,76,96,16.13,overcast clouds,0.0,0.0
89,89,Englewood,US,2020-02-24 02:58:40,39.65,-104.99,39.2,64,90,5.61,overcast clouds,0.0,0.0
90,90,Tasiilaq,GL,2020-02-24 02:58:41,65.61,-37.64,6.8,71,0,2.24,clear sky,0.0,0.0
91,91,Ugoofaaru,MV,2020-02-24 02:58:42,5.67,73.0,83.16,77,54,17.81,light rain,0.25,0.0
92,92,Lipin Bor,RU,2020-02-24 02:58:42,60.26,37.98,31.77,96,100,8.93,light snow,0.0,0.25
93,93,Champaign,US,2020-02-24 02:58:42,40.13,-88.2,46.99,86,1,4.7,clear sky,0.0,0.0
94,94,Fortuna,US,2020-02-24 02:58:43,40.6,-124.16,50.0,93,90,9.17,overcast clouds,0.0,0.0
95,95,Tiksi,RU,2020-02-24 02:58:43,71.69,128.87,-5.73,87,97,7.96,overcast clouds,0.0,0.0
96,96,Saskylakh,RU,2020-02-24 02:58:44,71.92,114.08,6.91,92,76,8.81,broken clouds,0.0,0.0
97,97,Geraldton,AU,2020-02-24 02:58:44,-28.77,114.6,84.2,66,0,11.41,light rain,0.31,0.0
98,98,Yekaterinovka,RU,2020-02-24 02:58:45,52.05,44.35,30.36,95,88,11.34,light snow,0.0,0.38
99,99,Astana,KZ,2020-02-24 02:56:48,51.18,71.45,10.4,92,90,4.47,fog,0.0,0.0
100,100,Gotsu,JP,2020-02-24 02:58:46,35.0,132.22,55.4,50,0,3.36,clear sky,0.0,0.0
101,101,Martapura,ID,2020-02-24 02:58:47,-3.42,114.85,84.76,81,11,0.87,moderate rain,4.44,0.0
102,102,Tomatlan,MX,2020-02-24 02:58:47,19.93,-105.25,72.05,50,0,2.86,clear sky,0.0,0.0
103,103,Dikson,RU,2020-02-24 02:58:48,73.51,80.55,23.9,91,100,27.76,light snow,0.0,0.5
104,104,Kodiak,US,2020-02-24 02:58:48,57.79,-152.41,26.6,35,1,12.75,clear sky,0.0,0.0
105,105,Berlevag,NO,2020-02-24 02:58:49,70.86,29.09,35.55,79,100,11.65,light snow,0.0,0.13
106,106,Cidreira,BR,2020-02-24 02:58:49,-30.18,-50.21,72.64,75,15,25.12,few clouds,0.0,0.0
107,107,Jamestown,US,2020-02-24 02:58:50,42.1,-79.24,46.4,35,90,10.29,overcast clouds,0.0,0.0
108,108,Coahuayana,MX,2020-02-24 02:58:50,18.73,-103.68,75.2,83,20,3.36,few clouds,0.0,0.0
109,109,Dali,CN,2020-02-24 02:58:50,25.7,100.18,54.9,70,26,4.38,scattered clouds,0.0,0.0
110,110,Plouzane,FR,2020-02-24 02:58:51,48.38,-4.62,51.8,93,90,20.8,light intensity drizzle,0.0,0.0
111,111,Bichura,RU,2020-02-24 02:58:52,50.59,107.6,11.66,86,65,4.32,broken clouds,0.0,0.0
112,112,San Fernando,PH,2020-02-24 02:58:52,15.03,120.69,86.0,65,40,9.17,scattered clouds,0.0,0.0
113,113,Lardos,GR,2020-02-24 02:58:53,36.09,28.02,51.8,76,20,2.24,few clouds,0.0,0.0
114,114,Palmares Do Sul,BR,2020-02-24 02:58:53,-30.26,-50.51,68.22,75,0,11.23,clear sky,0.0,0.0
115,115,Atar,MR,2020-02-24 02:58:53,20.52,-13.05,77.45,19,93,9.24,overcast clouds,0.0,0.0
116,116,Vestmannaeyjar,IS,2020-02-24 02:55:20,63.44,-20.27,40.71,67,100,27.22,light snow,0.0,0.88
117,117,Yerbogachen,RU,2020-02-24 02:58:55,61.28,108.01,16.68,88,100,13.09,overcast clouds,0.0,0.0
118,118,Namatanai,PG,2020-02-24 02:58:55,-3.67,152.43,86.45,70,100,11.52,light rain,0.94,0.0
119,119,Touros,BR,2020-02-24 02:58:55,-5.2,-35.46,80.6,83,40,4.7,scattered clouds,0.0,0.0
120,120,Auki,SB,2020-02-24 02:58:56,-8.77,160.7,84.76,69,0,5.75,clear sky,0.0,0.0
121,121,Neiafu,TO,2020-02-24 02:58:57,-18.65,-173.98,84.2,83,75,8.05,broken clouds,0.0,0.0
122,122,Kontagora,NG,2020-02-24 02:58:57,10.4,5.47,74.8,15,0,8.08,clear sky,0.0,0.0
123,123,Isangel,VU,2020-02-24 02:58:58,-19.55,169.27,84.2,70,75,11.41,broken clouds,0.0,0.0
124,124,Abnub,EG,2020-02-24 02:58:58,27.27,31.15,47.59,67,64,6.31,broken clouds,0.0,0.0
125,125,Bathsheba,BB,2020-02-24 02:58:58,13.22,-59.52,78.8,78,40,16.11,scattered clouds,0.0,0.0
126,126,Mandan,US,2020-02-24 02:58:59,46.83,-100.89,32.0,86,75,3.36,broken clouds,0.0,0.0
127,127,Cuamba,MZ,2020-02-24 02:58:59,-14.8,36.54,68.86,97,100,2.37,overcast clouds,0.0,0.0
128,128,Tocache,PE,2020-02-24 02:59:00,-8.18,-76.51,66.0,98,35,2.13,light rain,0.94,0.0
129,129,Saint-Joseph,RE,2020-02-24 02:59:00,-21.37,55.62,75.2,64,0,8.05,clear sky,0.0,0.0
130,130,Marsa Matruh,EG,2020-02-24 02:59:01,31.35,27.25,56.86,72,11,17.81,light rain,0.25,0.0
131,131,Manubul,PH,2020-02-24 02:59:01,5.47,120.8,81.48,72,0,4.14,clear sky,0.0,0.0
132,132,Port Elizabeth,ZA,2020-02-24 02:56:07,-33.92,25.57,53.6,87,22,2.24,few clouds,0.0,0.0
133,133,Saint-Pierre,RE,2020-02-24 02:59:02,-21.34,55.48,75.2,64,0,8.05,clear sky,0.0,0.0
134,134,Kabinda,CD,2020-02-24 02:59:02,-6.13,24.48,67.32,95,100,2.75,overcast clouds,0.0,0.0
135,135,Carnarvon,AU,2020-02-24 02:59:03,-24.87,113.63,80.6,61,0,9.17,clear sky,0.0,0.0
136,136,Silver City,US,2020-02-24 02:59:03,32.77,-108.28,41.0,80,40,18.34,scattered clouds,0.0,0.0
137,137,Aripuana,BR,2020-02-24 02:59:04,-9.17,-60.63,73.4,98,91,1.45,overcast clouds,0.0,0.0
138,138,Shaki,AZ,2020-02-24 02:59:04,41.08,47.17,42.8,93,90,5.41,mist,0.0,0.0
139,139,Tuktoyaktuk,CA,2020-02-24 02:59:04,69.45,-133.04,-7.6,83,75,9.17,light snow,0.0,0.0
140,140,Bethel,US,2020-02-24 02:59:05,41.37,-73.41,43.0,63,1,2.93,clear sky,0.0,0.0
141,141,Marsh Harbour,BS,2020-02-24 02:59:05,26.54,-77.06,68.29,55,1,12.95,clear sky,0.0,0.0
142,142,Krasnoselkup,RU,2020-02-24 02:59:06,65.7,82.47,24.96,88,100,21.34,light snow,0.0,0.13
143,143,Talnakh,RU,2020-02-24 02:59:07,69.49,88.4,19.4,92,90,33.55,overcast clouds,0.0,0.0
144,144,Tezu,IN,2020-02-24 02:59:07,27.92,96.17,67.46,54,58,1.41,light rain,0.63,0.0
145,145,Caravelas,BR,2020-02-24 02:59:07,-17.71,-39.25,79.81,85,63,13.58,light rain,1.94,0.0
146,146,Socoltenango,MX,2020-02-24 02:59:08,16.22,-92.25,66.31,70,0,10.54,clear sky,0.0,0.0
147,147,Payson,US,2020-02-24 02:59:08,40.04,-111.73,44.6,60,75,4.7,broken clouds,0.0,0.0
148,148,Tallahassee,US,2020-02-24 02:56:52,30.44,-84.28,57.99,71,90,4.7,overcast clouds,0.0,0.0
149,149,Puerto Ayora,EC,2020-02-24 02:59:09,-0.74,-90.35,79.0,100,88,1.01,light rain,0.69,0.0
150,150,Tautira,PF,2020-02-24 02:59:10,-17.73,-149.15,86.0,70,40,14.99,scattered clouds,0.0,0.0
151,151,Chernyshevskiy,RU,2020-02-24 02:59:10,63.01,112.47,18.05,90,100,11.92,light snow,0.0,0.13
152,152,Esperance,AU,2020-02-24 02:59:11,-33.87,121.9,75.2,60,90,14.99,overcast clouds,0.0,0.0
153,153,Charyshskoye,RU,2020-02-24 02:59:11,51.4,83.56,13.6,94,85,2.06,overcast clouds,0.0,0.0
154,154,Vanimo,PG,2020-02-24 02:59:12,-2.67,141.3,82.96,75,47,9.19,scattered clouds,0.0,0.0
155,155,Krasnoarmeysk,RU,2020-02-24 02:59:12,51.02,45.7,35.01,94,100,1.99,light snow,0.0,0.94
156,156,Raymond,US,2020-02-24 02:59:13,43.9,-70.47,34.0,86,1,2.15,clear sky,0.0,0.0
157,157,Wajid,SO,2020-02-24 02:59:13,3.81,43.25,68.88,68,96,18.41,overcast clouds,0.0,0.0
158,158,Kulhudhuffushi,MV,2020-02-24 02:59:14,6.62,73.07,83.17,76,32,15.35,scattered clouds,0.0,0.0
159,159,Parry Sound,CA,2020-02-24 02:59:14,45.35,-80.03,37.99,83,20,4.0,few clouds,0.0,0.0
160,160,Cayenne,GF,2020-02-24 02:57:08,4.93,-52.33,80.6,78,90,11.41,overcast clouds,0.0,0.0
161,161,Hamilton,US,2020-02-24 02:59:15,39.18,-84.53,46.4,48,1,3.36,clear sky,0.0,0.0
162,162,Iracoubo,GF,2020-02-24 02:59:15,5.48,-53.2,78.75,82,97,16.08,light rain,0.13,0.0
163,163,Hirara,JP,2020-02-24 02:59:16,24.8,125.28,75.2,53,40,11.41,scattered clouds,0.0,0.0
164,164,Nikolskoye,RU,2020-02-24 02:59:16,59.7,30.79,35.6,94,90,11.18,overcast clouds,0.0,0.0
165,165,Hanzhong,CN,2020-02-24 02:59:17,33.07,107.03,58.28,48,32,6.24,scattered clouds,0.0,0.0
166,166,Goundam,ML,2020-02-24 02:59:17,16.41,-3.67,76.28,12,0,14.05,clear sky,0.0,0.0
167,167,Vestmanna,FO,2020-02-24 02:59:17,62.16,-7.17,37.4,69,43,20.8,light snow,0.0,0.31
168,168,Zhigansk,RU,2020-02-24 02:59:18,66.77,123.37,-6.12,93,100,16.24,overcast clouds,0.0,0.0
169,169,Tessalit,ML,2020-02-24 02:59:18,20.2,1.01,68.76,18,0,12.82,clear sky,0.0,0.0
170,170,Puerto Baquerizo Moreno,EC,2020-02-24 02:59:19,-0.9,-89.6,79.47,83,82,7.54,broken clouds,0.0,0.0
171,171,Santa Cruz De La Palma,ES,2020-02-24 02:59:19,28.68,-17.76,73.4,46,90,8.05,haze,0.0,0.0
172,172,Maragogi,BR,2020-02-24 02:57:56,-9.01,-35.22,81.88,78,66,12.08,light rain,0.19,0.0
173,173,Penzance,GB,2020-02-24 02:59:20,50.12,-5.54,52.0,100,100,21.92,overcast clouds,0.0,0.0
174,174,Tegh,AM,2020-02-24 02:59:20,39.56,46.48,35.65,68,0,4.07,clear sky,0.0,0.0
175,175,Santa Cruz,BO,2020-02-24 02:57:50,-17.8,-63.17,75.2,69,75,3.36,broken clouds,0.0,0.0
176,176,Hithadhoo,MV,2020-02-24 02:59:21,-0.6,73.08,83.39,79,78,13.49,light rain,0.19,0.0
177,177,Necochea,AR,2020-02-24 02:59:22,-38.55,-58.74,63.0,74,0,10.0,clear sky,0.0,0.0
178,178,Port Moresby,PG,2020-02-24 02:55:19,-9.44,147.18,89.6,70,20,9.17,few clouds,0.0,0.0
179,179,Los Altos,US,2020-02-24 02:59:01,37.39,-122.11,57.99,76,1,10.29,clear sky,0.0,0.0
180,180,Ahipara,NZ,2020-02-24 02:59:23,-35.17,173.17,67.77,71,0,24.7,clear sky,0.0,0.0
181,181,Henties Bay,,2020-02-24 02:59:24,-22.12,14.28,64.0,94,100,5.01,overcast clouds,0.0,0.0
182,182,Petatlan,MX,2020-02-24 02:59:24,17.52,-101.27,80.6,69,5,6.93,clear sky,0.0,0.0
183,183,Thinadhoo,MV,2020-02-24 02:59:25,0.53,72.93,82.78,81,69,15.93,light rain,1.44,0.0
184,184,Taltal,CL,2020-02-24 02:59:25,-25.4,-70.48,59.9,91,0,2.1,clear sky,0.0,0.0
185,185,Brae,GB,2020-02-24 02:59:26,60.4,-1.35,39.2,60,64,10.29,broken clouds,0.0,0.0
186,186,Norman Wells,CA,2020-02-24 02:59:27,65.28,-126.83,6.8,77,75,4.7,light snow,0.0,0.0
187,187,Misratah,LY,2020-02-24 02:59:27,32.38,15.09,59.04,75,40,17.34,scattered clouds,0.0,0.0
188,188,Kavaratti,IN,2020-02-24 02:59:27,10.57,72.64,82.4,83,20,4.7,few clouds,0.0,0.0
189,189,Acapulco,MX,2020-02-24 02:56:39,16.86,-99.89,80.6,78,20,11.41,few clouds,0.0,0.0
190,190,Thunder Bay,CA,2020-02-24 02:55:42,48.4,-89.32,37.4,59,20,11.41,few clouds,0.0,0.0
191,191,Upernavik,GL,2020-02-24 02:59:29,72.79,-56.15,-19.8,86,1,4.72,clear sky,0.0,0.0
192,192,Kalabo,ZM,2020-02-24 02:59:29,-14.97,22.68,68.25,97,100,6.6,moderate rain,3.31,0.0
193,193,Bengkulu,ID,2020-02-24 02:59:30,-3.8,102.27,86.94,55,0,4.63,clear sky,0.0,0.0
194,194,Vardo,NO,2020-02-24 02:59:30,70.37,31.11,33.85,85,100,13.98,light snow,0.0,0.25
195,195,Paralimni,CY,2020-02-24 02:59:31,35.04,33.98,57.2,82,75,24.16,light rain,0.0,0.0
196,196,Vao,NC,2020-02-24 02:59:31,-22.67,167.48,78.53,72,93,14.61,overcast clouds,0.0,0.0
197,197,Trairi,BR,2020-02-24 02:59:31,-3.28,-39.27,72.95,96,18,2.15,few clouds,0.0,0.0
198,198,Airai,TL,2020-02-24 02:59:32,-8.93,125.41,81.59,60,22,3.53,light rain,0.5,0.0
199,199,Oulu,FI,2020-02-24 02:59:32,65.0,25.5,32.0,80,20,16.11,few clouds,0.0,0.0
200,200,Slavyanka,RU,2020-02-24 02:59:33,42.86,131.38,37.8,48,0,7.52,clear sky,0.0,0.0
201,201,Hami,CN,2020-02-24 02:59:33,42.8,93.45,33.84,47,21,3.06,few clouds,0.0,0.0
202,202,Cabo San Lucas,MX,2020-02-24 02:54:50,22.89,-109.91,69.8,77,40,4.7,scattered clouds,0.0,0.0
203,203,Staunton,US,2020-02-24 02:59:34,38.15,-79.07,42.01,32,1,4.83,clear sky,0.0,0.0
204,204,Tongren,CN,2020-02-24 02:57:20,27.72,109.19,66.34,65,33,11.72,scattered clouds,0.0,0.0
205,205,Reconquista,AR,2020-02-24 02:59:35,-29.15,-59.65,64.09,57,0,2.46,clear sky,0.0,0.0
206,206,Motygino,RU,2020-02-24 02:59:35,58.18,94.76,16.54,95,99,3.27,light snow,0.0,0.13
207,207,Bambous Virieux,MU,2020-02-24 02:55:04,-20.34,57.76,75.99,94,20,3.36,few clouds,0.0,0.0
208,208,Almaznyy,RU,2020-02-24 02:59:36,48.04,40.05,39.2,93,40,15.66,light intensity shower rain,0.0,0.0
209,209,Saint-Francois,FR,2020-02-24 02:59:37,46.42,3.91,46.99,81,90,5.82,overcast clouds,0.0,0.0
210,210,Husavik,IS,2020-02-24 02:57:05,66.04,-17.34,26.02,92,100,6.04,light snow,0.0,0.88
211,211,Hervey Bay,AU,2020-02-24 02:59:38,-25.3,152.85,77.0,94,90,11.41,drizzle,0.0,0.0
212,212,San Patricio,MX,2020-02-24 02:59:38,19.22,-104.7,80.6,74,20,5.82,few clouds,0.0,0.0
213,213,Viedma,AR,2020-02-24 02:57:11,-40.81,-63.0,78.8,34,0,16.35,clear sky,0.0,0.0
214,214,Asau,RO,2020-02-24 02:59:39,46.43,26.4,54.0,58,100,14.99,light rain,0.31,0.0
215,215,Zaysan,KZ,2020-02-24 02:59:39,47.47,84.87,15.62,94,100,2.42,overcast clouds,0.0,0.0
216,216,Hokitika,NZ,2020-02-24 02:59:40,-42.72,170.97,62.44,74,66,6.91,broken clouds,0.0,0.0
217,217,Peace River,CA,2020-02-24 02:59:40,56.25,-117.29,17.6,57,40,4.7,scattered clouds,0.0,0.0
218,218,Seoul,KR,2020-02-24 02:55:10,37.57,126.98,48.2,49,40,4.7,scattered clouds,0.0,0.0
219,219,Port Blair,IN,2020-02-24 02:59:41,11.67,92.75,81.72,74,38,13.73,scattered clouds,0.0,0.0
220,220,Hino,JP,2020-02-24 02:59:41,35.67,139.4,60.01,37,20,4.7,few clouds,0.0,0.0
221,221,Sorong,ID,2020-02-24 02:59:42,-0.88,131.25,91.24,54,100,3.65,light rain,0.44,0.0
222,222,Cap Malheureux,MU,2020-02-24 02:59:42,-19.98,57.61,75.99,94,20,3.36,few clouds,0.0,0.0
223,223,Bull Savanna,JM,2020-02-24 02:59:43,17.89,-77.59,68.05,87,45,3.22,scattered clouds,0.0,0.0
224,224,Harrismith,ZA,2020-02-24 02:59:43,-28.27,29.13,47.66,92,100,5.21,overcast clouds,0.0,0.0
225,225,Weiser,US,2020-02-24 02:59:44,44.25,-116.97,44.6,52,75,25.28,broken clouds,0.0,0.0
226,226,Hasaki,JP,2020-02-24 02:59:44,35.73,140.83,63.0,37,20,4.7,few clouds,0.0,0.0
227,227,Ust-Nera,RU,2020-02-24 02:59:44,64.57,143.2,-20.65,94,100,3.78,overcast clouds,0.0,0.0
228,228,Havoysund,NO,2020-02-24 02:59:45,71.0,24.66,32.0,98,100,16.11,snow,0.0,1.56
229,229,Kualakapuas,ID,2020-02-24 02:59:45,-3.01,114.39,85.17,79,4,3.51,moderate rain,3.75,0.0
230,230,Palestina,PS,2020-02-24 02:54:48,31.92,35.2,51.8,87,20,3.36,few clouds,0.0,0.0
231,231,Baykit,RU,2020-02-24 02:59:46,61.67,96.37,10.31,88,98,4.07,overcast clouds,0.0,0.0
232,232,Ontario,US,2020-02-24 02:58:01,34.06,-117.65,62.6,71,90,4.7,overcast clouds,0.0,0.0
233,233,San Cristobal,VE,2020-02-24 02:59:47,7.77,-72.22,78.8,74,75,3.36,broken clouds,0.0,0.0
234,234,Souillac,MU,2020-02-24 02:59:47,-20.52,57.52,75.99,94,20,3.36,few clouds,0.0,0.0
235,235,Grindavik,IS,2020-02-24 02:59:48,63.84,-22.43,33.8,67,75,20.8,shower rain,0.0,0.0
236,236,Mackay,AU,2020-02-24 02:59:48,-21.15,149.2,82.4,78,75,10.29,broken clouds,0.0,0.0
237,237,Nishihara,JP,2020-02-24 02:59:49,26.18,127.76,69.8,64,20,9.17,few clouds,0.0,0.0
238,238,Asyut,EG,2020-02-24 02:59:49,27.18,31.18,50.11,58,63,6.46,broken clouds,0.0,0.0
239,239,Conde,BR,2020-02-24 02:59:50,-7.26,-34.91,82.4,78,20,8.05,few clouds,0.0,0.0
240,240,Poum,NC,2020-02-24 02:59:50,-20.23,164.02,80.46,77,83,21.47,broken clouds,0.0,0.0
241,241,Furstenfeld,AT,2020-02-24 02:59:51,47.05,16.08,45.0,62,75,2.24,broken clouds,0.0,0.0
242,242,Longyearbyen,SJ,2020-02-24 02:59:51,78.22,15.64,-4.0,76,40,3.36,scattered clouds,0.0,0.0
243,243,Praia Da Vitoria,PT,2020-02-24 02:59:52,38.73,-27.07,55.4,93,40,6.11,scattered clouds,0.0,0.0
244,244,Ulladulla,AU,2020-02-24 02:59:52,-35.35,150.47,84.2,39,0,10.29,clear sky,0.0,0.0
245,245,Torbay,CA,2020-02-24 02:59:52,47.67,-52.73,30.0,86,5,14.99,clear sky,0.0,0.0
246,246,Castro,BR,2020-02-24 02:59:53,-24.79,-50.01,57.61,94,100,8.41,overcast clouds,0.0,0.0
247,247,Guane,CU,2020-02-24 02:59:54,22.2,-84.09,74.97,72,20,17.69,few clouds,0.0,0.0
248,248,Pitimbu,BR,2020-02-24 02:59:54,-7.47,-34.81,82.4,78,20,8.05,few clouds,0.0,0.0
249,249,Marilia,BR,2020-02-24 02:59:55,-22.21,-49.95,69.39,84,91,9.08,overcast clouds,0.0,0.0
250,250,Tucurui,BR,2020-02-24 02:59:55,-3.77,-49.67,76.28,91,100,3.4,light rain,1.56,0.0
251,251,Constitucion,CL,2020-02-24 02:59:55,-35.33,-72.42,54.75,92,93,5.32,overcast clouds,0.0,0.0
252,252,Anajatuba,BR,2020-02-24 02:59:56,-3.26,-44.62,73.4,93,12,2.04,few clouds,0.0,0.0
253,253,Amga,RU,2020-02-24 02:56:13,60.9,131.96,0.77,92,100,3.69,overcast clouds,0.0,0.0
254,254,Faya,SA,2020-02-24 02:59:57,18.39,42.45,59.0,93,16,4.7,few clouds,0.0,0.0
255,255,Pangody,RU,2020-02-24 02:59:57,65.85,74.49,27.37,87,100,21.74,light snow,0.0,0.13
256,256,Ilulissat,GL,2020-02-24 02:59:58,69.22,-51.1,-0.4,77,100,6.93,overcast clouds,0.0,0.0
257,257,Tatui,BR,2020-02-24 02:59:59,-23.36,-47.86,68.0,76,53,4.0,broken clouds,0.0,0.0
258,258,Lilongwe,MW,2020-02-24 02:59:59,-13.97,33.79,65.57,95,100,3.11,light rain,1.88,0.0
259,259,Taoudenni,ML,2020-02-24 03:00:00,22.68,-3.98,69.91,13,0,15.35,clear sky,0.0,0.0
260,260,Takoradi,GH,2020-02-24 03:00:00,4.88,-1.76,78.01,92,63,2.53,broken clouds,0.0,0.0
261,261,Hue,VN,2020-02-24 03:00:00,16.47,107.6,78.8,61,20,4.7,few clouds,0.0,0.0
262,262,Nhulunbuy,AU,2020-02-24 02:55:18,-12.23,136.77,91.4,63,40,18.34,scattered clouds,0.0,0.0
263,263,Andenes,NO,2020-02-24 03:00:01,69.31,16.12,32.0,76,100,24.16,light snow,0.0,0.94
264,264,Oeiras,BR,2020-02-24 03:00:02,-7.03,-42.13,73.9,92,89,0.65,overcast clouds,0.0,0.0
265,265,Pasighat,IN,2020-02-24 03:00:02,28.07,95.33,67.03,67,0,3.65,light rain,0.69,0.0
266,266,Manokwari,ID,2020-02-24 03:00:03,-0.87,134.08,80.24,69,100,4.99,overcast clouds,0.0,0.0
267,267,Konongo,GH,2020-02-24 03:00:03,6.62,-1.22,75.74,98,47,2.33,scattered clouds,0.0,0.0
268,268,Lithgow,AU,2020-02-24 03:00:04,-33.48,150.15,84.0,57,90,8.05,overcast clouds,0.0,0.0
269,269,Karia,NG,2020-02-24 03:00:04,11.73,11.16,66.58,21,0,12.39,clear sky,0.0,0.0
270,270,Lompoc,US,2020-02-24 03:00:05,34.64,-120.46,55.4,93,75,19.46,broken clouds,0.0,0.0
271,271,Dzhebariki-Khaya,RU,2020-02-24 03:00:05,62.22,135.8,-0.33,93,100,4.63,light snow,0.0,0.19
272,272,Puerto Penasco,MX,2020-02-24 03:00:06,31.32,-113.53,61.0,79,0,5.08,clear sky,0.0,0.0
273,273,Sola,VU,2020-02-24 03:00:07,-13.88,167.55,83.97,69,0,12.84,clear sky,0.0,0.0
274,274,Kruisfontein,ZA,2020-02-24 03:00:07,-34.0,24.73,53.42,86,0,5.1,clear sky,0.0,0.0
275,275,Capiibary,PY,2020-02-24 03:00:07,-24.8,-56.03,67.51,90,0,4.5,clear sky,0.0,0.0
276,276,Gambissara,SN,2020-02-24 03:00:08,13.24,-14.31,79.79,36,83,5.61,broken clouds,0.0,0.0
277,277,Haines Junction,CA,2020-02-24 03:00:08,60.75,-137.51,3.11,92,100,4.23,overcast clouds,0.0,0.0
278,278,Jacareacanga,BR,2020-02-24 03:00:09,-6.22,-57.75,71.47,91,100,2.15,overcast clouds,0.0,0.0
279,279,Victoria,HK,2020-02-24 02:58:17,22.29,114.16,79.0,60,20,19.46,few clouds,0.0,0.0
280,280,Nouadhibou,MR,2020-02-24 03:00:10,20.93,-17.03,71.6,68,95,12.75,light rain,0.0,0.0
281,281,Am Timan,TD,2020-02-24 03:00:10,11.03,20.28,67.1,16,0,5.12,clear sky,0.0,0.0
282,282,Tucuman,AR,2020-02-24 03:00:11,-26.82,-65.22,66.2,88,20,4.7,few clouds,0.0,0.0
283,283,Maryville,US,2020-02-24 03:00:11,35.76,-83.97,50.0,64,90,4.7,overcast clouds,0.0,0.0
284,284,Riyadh,SA,2020-02-24 02:58:03,24.69,46.72,68.0,68,100,5.82,overcast clouds,0.0,0.0
285,285,Novo Aripuana,BR,2020-02-24 03:00:12,-5.12,-60.38,74.86,96,85,0.98,overcast clouds,0.0,0.0
286,286,Kathu,TH,2020-02-24 03:00:12,7.92,98.33,86.0,58,20,8.05,few clouds,0.0,0.0
287,287,Beloha,MG,2020-02-24 03:00:13,-25.17,45.05,74.25,90,61,3.78,broken clouds,0.0,0.0
288,288,Stykkisholmur,IS,2020-02-24 03:00:13,65.08,-22.73,31.86,97,100,12.97,snow,0.0,2.5
289,289,Raga,SS,2020-02-24 03:00:14,8.46,25.68,65.41,18,23,4.09,few clouds,0.0,0.0
290,290,Ostrovnoy,RU,2020-02-24 03:00:14,68.05,39.51,26.56,92,100,9.4,overcast clouds,0.0,0.0
291,291,Nortelandia,BR,2020-02-24 03:00:16,-14.45,-56.8,71.8,98,100,2.57,light rain,2.81,0.0
292,292,Kutum,SD,2020-02-24 03:00:16,14.2,24.67,54.5,35,0,11.72,clear sky,0.0,0.0
293,293,Bonfim,BR,2020-02-24 03:00:17,3.08,-59.95,82.72,59,0,6.53,clear sky,0.0,0.0
294,294,Nurota,UZ,2020-02-24 03:00:17,40.56,65.69,35.6,93,0,4.7,clear sky,0.0,0.0
295,295,Dubai,AE,2020-02-24 03:00:07,25.26,55.3,71.6,78,97,4.7,overcast clouds,0.0,0.0
296,296,Lebu,CL,2020-02-24 03:00:18,-37.62,-73.65,54.66,96,17,5.23,few clouds,0.0,0.0
297,297,Saldanha,ZA,2020-02-24 03:00:19,-33.01,17.94,62.6,55,0,5.82,clear sky,0.0,0.0
298,298,Vila,PT,2020-02-24 03:00:19,42.03,-8.16,57.0,81,0,3.36,clear sky,0.0,0.0
299,299,Bloemfontein,ZA,2020-02-24 02:56:43,-29.12,26.21,57.2,87,0,3.36,clear sky,0.0,0.0
300,300,Paamiut,GL,2020-02-24 03:00:20,61.99,-49.67,14.38,89,99,12.8,light snow,0.0,0.25
301,301,Uruzgan,AF,2020-02-24 03:00:21,32.83,66.0,37.17,68,0,6.71,clear sky,0.0,0.0
302,302,Izhma,RU,2020-02-24 03:00:21,65.01,53.91,26.71,87,100,15.48,light snow,0.0,0.19
303,303,Rodrigues Alves,BR,2020-02-24 03:00:22,-7.74,-72.65,77.0,94,100,0.81,overcast clouds,0.0,0.0
304,304,Laguna,US,2020-02-24 03:00:22,38.42,-121.42,59.0,76,1,2.64,clear sky,0.0,0.0
305,305,Ola,RU,2020-02-24 03:00:23,59.58,151.28,0.99,77,5,3.49,clear sky,0.0,0.0
306,306,San Pablo,PH,2020-02-24 03:00:23,14.07,121.33,88.0,62,75,4.7,broken clouds,0.0,0.0
307,307,Muskegon Heights,US,2020-02-24 03:00:24,43.2,-86.24,42.8,80,1,4.7,clear sky,0.0,0.0
308,308,Gebre Guracha,ET,2020-02-24 03:00:24,9.8,38.4,61.61,58,99,3.49,overcast clouds,0.0,0.0
309,309,Port Hardy,CA,2020-02-24 03:00:18,50.7,-127.42,39.2,86,75,8.05,broken clouds,0.0,0.0
310,310,Berck,FR,2020-02-24 03:00:25,50.4,1.6,46.99,93,90,6.93,light rain,0.0,0.0
311,311,Thessalon,CA,2020-02-24 03:00:26,46.25,-83.57,35.6,74,1,4.7,clear sky,0.0,0.0
312,312,Tura,IN,2020-02-24 03:00:26,25.52,90.22,72.79,45,100,5.57,overcast clouds,0.0,0.0
313,313,Arlit,NE,2020-02-24 03:00:26,18.74,7.39,62.65,19,0,14.23,clear sky,0.0,0.0
314,314,Kapit,MY,2020-02-24 03:00:27,2.02,112.93,79.68,78,92,1.36,light rain,0.19,0.0
315,315,Calvinia,ZA,2020-02-24 03:00:27,-31.47,19.78,60.75,37,0,9.42,clear sky,0.0,0.0
316,316,Port Augusta,AU,2020-02-24 03:00:28,-32.5,137.77,93.2,26,0,10.29,clear sky,0.0,0.0
317,317,Mount Isa,AU,2020-02-24 02:57:41,-20.73,139.5,89.6,55,75,17.22,broken clouds,0.0,0.0
318,318,Benemerito De Las Americas,MX,2020-02-24 03:00:29,16.52,-90.64,66.97,90,0,2.06,clear sky,0.0,0.0
319,319,Teguldet,RU,2020-02-24 03:00:29,57.31,88.17,13.66,96,84,2.06,broken clouds,0.0,0.0
320,320,Olinda,BR,2020-02-24 03:00:30,-8.01,-34.86,84.2,74,75,9.17,broken clouds,0.0,0.0
321,321,Dunda,TZ,2020-02-24 03:00:31,-8.12,34.25,65.79,98,100,1.81,light rain,2.06,0.0
322,322,Ayan,RU,2020-02-24 03:00:31,56.45,138.17,11.89,67,55,2.75,broken clouds,0.0,0.0
323,323,Harper,LR,2020-02-24 03:00:32,4.38,-7.72,78.3,94,100,3.51,overcast clouds,0.0,0.0
324,324,Rantepao,ID,2020-02-24 02:58:56,-2.97,119.9,80.71,71,100,2.68,light rain,0.56,0.0
325,325,Luderitz,,2020-02-24 03:00:32,-26.65,15.16,73.24,49,0,7.23,clear sky,0.0,0.0
326,326,Mecca,SA,2020-02-24 02:55:39,21.43,39.83,67.86,69,62,0.98,broken clouds,0.0,0.0
327,327,Anyang,CN,2020-02-24 03:00:34,36.1,114.33,46.11,60,100,8.39,light rain,0.56,0.0
328,328,Deputatskiy,RU,2020-02-24 02:56:17,69.3,139.9,-16.42,92,0,2.98,clear sky,0.0,0.0
329,329,Naze,JP,2020-02-24 03:00:35,28.37,129.48,66.2,59,0,4.7,clear sky,0.0,0.0
330,330,Minas,UY,2020-02-24 02:56:26,-34.38,-55.24,64.4,88,78,8.05,broken clouds,0.0,0.0
331,331,Cabedelo,BR,2020-02-24 03:00:00,-6.98,-34.83,82.4,78,20,8.05,few clouds,0.0,0.0
332,332,Pacific Grove,US,2020-02-24 03:00:36,36.62,-121.92,55.99,81,1,8.05,clear sky,0.0,0.0
333,333,Rocha,UY,2020-02-24 03:00:36,-34.48,-54.33,59.22,84,8,8.75,clear sky,0.0,0.0
334,334,Raudeberg,NO,2020-02-24 03:00:37,61.99,5.14,37.4,74,100,12.75,light snow,0.0,0.31
335,335,Saint-Augustin,CA,2020-02-24 03:00:37,51.23,-58.65,11.97,80,37,6.24,scattered clouds,0.0,0.0
336,336,Phetchabun,TH,2020-02-24 03:00:38,16.25,101.08,90.0,47,98,2.24,overcast clouds,0.0,0.0
337,337,San Policarpo,PH,2020-02-24 03:00:38,12.18,125.51,81.68,72,33,12.64,light rain,0.13,0.0
338,338,Sao Jose Da Coroa Grande,BR,2020-02-24 03:00:40,-8.9,-35.15,81.88,78,66,12.08,light rain,0.19,0.0
339,339,Hovd,MN,2020-02-24 03:00:40,48.01,91.64,20.41,53,0,1.72,clear sky,0.0,0.0
340,340,Olavarria,AR,2020-02-24 02:56:52,-36.89,-60.32,63.3,40,0,10.71,clear sky,0.0,0.0
341,341,Boyolangu,ID,2020-02-24 03:00:41,-8.12,111.89,85.62,70,60,5.91,broken clouds,0.0,0.0
342,342,Tabuk,PH,2020-02-24 03:00:41,17.42,121.44,80.08,69,70,0.85,broken clouds,0.0,0.0
343,343,Petrovskaya,RU,2020-02-24 03:00:42,45.43,37.95,44.6,81,75,20.13,broken clouds,0.0,0.0
344,344,Dovers,VC,2020-02-24 03:00:42,12.88,-61.18,79.47,80,42,11.54,light rain,1.38,0.0
345,345,Turukhansk,RU,2020-02-24 03:00:43,65.82,87.98,14.86,94,100,14.07,light snow,0.0,0.25
346,346,Nuuk,GL,2020-02-24 02:57:37,64.18,-51.72,15.8,52,100,13.87,snow,0.0,1.56
347,347,Portobelo,PA,2020-02-24 03:00:44,9.55,-79.65,78.8,69,20,5.82,few clouds,0.0,0.0
348,348,Abha,SA,2020-02-24 03:00:45,18.22,42.51,59.0,93,14,4.7,few clouds,0.0,0.0
349,349,Port Keats,AU,2020-02-24 03:00:45,-14.25,129.55,89.06,63,100,13.67,overcast clouds,0.0,0.0
350,350,Namibe,AO,2020-02-24 03:00:45,-15.2,12.15,73.06,77,83,5.59,broken clouds,0.0,0.0
351,351,Ancud,CL,2020-02-24 03:00:47,-41.87,-73.82,51.8,81,20,6.93,few clouds,0.0,0.0
352,352,Maryborough,AU,2020-02-24 03:00:47,-25.53,152.7,77.0,88,37,8.79,moderate rain,6.38,0.0
353,353,Broken Hill,AU,2020-02-24 03:00:47,-31.95,141.43,80.6,44,18,10.29,few clouds,0.0,0.0
354,354,Sao Miguel Do Araguaia,BR,2020-02-24 03:00:48,-13.28,-50.16,74.17,89,100,0.89,overcast clouds,0.0,0.0
355,355,Brownsville,US,2020-02-24 03:00:48,25.9,-97.5,71.01,83,75,9.17,broken clouds,0.0,0.0
356,356,Coquimbo,CL,2020-02-24 03:00:49,-29.95,-71.34,60.8,82,90,4.7,overcast clouds,0.0,0.0
357,357,Alihe,CN,2020-02-24 03:00:49,50.57,123.72,17.74,65,0,5.28,clear sky,0.0,0.0
358,358,Chara,RU,2020-02-24 03:00:50,56.91,118.26,7.57,73,99,3.44,overcast clouds,0.0,0.0
359,359,Smolenka,RU,2020-02-24 03:00:50,52.14,113.5,17.6,61,0,6.71,clear sky,0.0,0.0
360,360,Komsomolskiy,UZ,2020-02-24 03:00:51,40.43,71.72,46.4,81,75,4.7,light intensity shower rain,0.0,0.0
361,361,Mount Gambier,AU,2020-02-24 02:57:09,-37.83,140.77,77.0,57,40,9.17,scattered clouds,0.0,0.0
362,362,Phalodi,IN,2020-02-24 03:00:52,27.13,72.37,66.9,47,0,7.67,clear sky,0.0,0.0
363,363,Muros,ES,2020-02-24 03:00:52,42.78,-9.06,57.0,100,0,2.24,fog,0.0,0.0
364,364,Grand Baie,MU,2020-02-24 03:00:53,-20.02,57.58,75.99,94,20,3.36,few clouds,0.0,0.0
365,365,Urumqi,CN,2020-02-24 03:00:53,43.8,87.6,30.2,80,97,2.24,overcast clouds,0.0,0.0
366,366,Nome,US,2020-02-24 03:00:54,64.5,-165.41,6.8,77,90,10.29,light snow,0.0,0.0
367,367,Srednekolymsk,RU,2020-02-24 02:56:35,67.45,153.68,-15.84,92,95,1.5,overcast clouds,0.0,0.0
368,368,Meru,KE,2020-02-24 03:00:54,0.05,37.66,47.97,81,100,2.04,overcast clouds,0.0,0.0
369,369,Magadan,RU,2020-02-24 03:00:55,59.57,150.8,2.89,78,0,6.06,clear sky,0.0,0.0
370,370,Flinders,AU,2020-02-24 03:00:55,-34.58,150.86,84.2,39,0,10.29,clear sky,0.0,0.0
371,371,San Juan,AR,2020-02-24 03:00:56,-31.54,-68.54,75.42,38,0,7.23,clear sky,0.0,0.0
372,372,Shumikha,RU,2020-02-24 03:00:57,55.23,63.3,9.41,97,84,11.65,broken clouds,0.0,0.0
373,373,Chissamba,AO,2020-02-24 03:00:57,-12.17,17.33,64.24,97,100,5.14,overcast clouds,0.0,0.0
374,374,Provideniya,RU,2020-02-24 02:57:12,64.38,-173.3,-3.23,66,29,0.96,scattered clouds,0.0,0.0
375,375,Verdun,FR,2020-02-24 03:00:58,49.25,5.33,46.99,91,100,1.99,light rain,1.56,0.0
376,376,Mareeba,AU,2020-02-24 03:00:58,-17.0,145.43,82.99,83,90,5.82,overcast clouds,0.0,0.0
377,377,Bilibino,RU,2020-02-24 03:00:59,68.05,166.44,-21.17,87,41,2.44,scattered clouds,0.0,0.0
378,378,Meulaboh,ID,2020-02-24 03:00:59,4.14,96.13,80.53,74,77,4.97,broken clouds,0.0,0.0
379,379,Sume,BR,2020-02-24 03:00:59,-7.67,-36.88,72.3,91,45,10.11,moderate rain,4.25,0.0
380,380,Sao Filipe,CV,2020-02-24 03:01:00,14.9,-24.5,67.93,81,25,9.62,scattered clouds,0.0,0.0
381,381,Udachnyy,RU,2020-02-24 03:01:01,66.42,112.4,8.6,92,51,6.71,broken clouds,0.0,0.0
382,382,Laurel,US,2020-02-24 03:01:01,39.1,-76.85,46.0,55,1,4.5,clear sky,0.0,0.0
383,383,Najran,SA,2020-02-24 03:01:02,17.49,44.13,60.8,41,24,1.66,few clouds,0.0,0.0
384,384,Eregli,TR,2020-02-24 03:01:02,37.51,34.05,35.4,77,20,1.81,few clouds,0.0,0.0
385,385,Butterworth,MY,2020-02-24 03:01:03,5.4,100.36,86.0,58,20,4.7,few clouds,0.0,0.0
386,386,Aykhal,RU,2020-02-24 02:58:37,66.0,111.5,8.6,92,82,6.71,broken clouds,0.0,0.0
387,387,Palana,RU,2020-02-24 03:01:03,59.12,159.97,11.14,73,5,3.36,clear sky,0.0,0.0
388,388,Partizanskoye,RU,2020-02-24 03:01:04,55.5,94.39,9.93,95,100,0.45,overcast clouds,0.0,0.0
389,389,Antalaha,MG,2020-02-24 03:01:04,-14.9,50.28,78.22,86,100,3.02,light rain,0.94,0.0
390,390,Wajima,JP,2020-02-24 03:01:05,37.4,136.9,46.4,61,75,18.34,broken clouds,0.0,0.0
391,391,Devarkonda,IN,2020-02-24 03:01:05,16.7,78.93,76.87,50,0,8.5,clear sky,0.0,0.0
392,392,Kununurra,AU,2020-02-24 03:01:06,-15.77,128.73,98.6,47,70,8.05,broken clouds,0.0,0.0
393,393,Korla,CN,2020-02-24 03:01:06,41.76,86.15,45.0,78,51,1.99,broken clouds,0.0,0.0
394,394,Magugu,TZ,2020-02-24 03:01:06,-4.02,35.77,65.07,97,92,3.44,overcast clouds,0.0,0.0
395,395,Hofn,IS,2020-02-24 03:01:07,64.25,-15.21,40.01,75,100,31.09,light snow,0.0,0.38
396,396,Lagoa,PT,2020-02-24 03:01:08,39.05,-27.98,59.83,79,84,11.21,broken clouds,0.0,0.0
397,397,Prabumulih,ID,2020-02-24 03:01:08,-3.45,104.25,79.3,84,58,6.17,light rain,0.25,0.0
398,398,Tongzi,CN,2020-02-24 03:01:09,28.78,105.09,55.92,65,98,4.34,overcast clouds,0.0,0.0
399,399,Crosshouse,GB,2020-02-24 03:01:09,55.61,-4.55,39.2,100,20,4.7,few clouds,0.0,0.0
400,400,Laizhou,CN,2020-02-24 03:01:10,37.18,119.93,50.04,64,100,8.52,overcast clouds,0.0,0.0
401,401,Mingshui,CN,2020-02-24 03:01:10,36.72,117.5,59.0,73,100,8.48,overcast clouds,0.0,0.0
402,402,Urshelskiy,RU,2020-02-24 03:01:11,55.68,40.22,32.25,91,96,9.33,overcast clouds,0.0,0.0
403,403,Makanya,TZ,2020-02-24 03:01:11,-4.37,37.83,68.76,95,100,6.53,overcast clouds,0.0,0.0
404,404,Luba,GQ,2020-02-24 03:01:12,3.46,8.55,82.4,94,20,6.93,few clouds,0.0,0.0
405,405,Puri,IN,2020-02-24 03:01:12,19.8,85.85,68.0,94,75,6.98,mist,0.0,0.0
406,406,Abrau-Dyurso,RU,2020-02-24 03:01:12,44.69,37.59,44.6,81,75,20.13,broken clouds,0.0,0.0
407,407,Humboldt,US,2020-02-24 03:01:13,40.67,-123.92,50.0,93,90,9.17,overcast clouds,0.0,0.0
408,408,Bonavista,CA,2020-02-24 03:01:13,48.65,-53.11,28.99,84,0,11.01,clear sky,0.0,0.0
409,409,Jijiga,ET,2020-02-24 03:01:14,9.35,42.8,56.93,42,61,6.08,broken clouds,0.0,0.0
410,410,Burnie,AU,2020-02-24 03:01:14,-41.07,145.92,71.01,69,85,8.99,overcast clouds,0.0,0.0
411,411,Kahului,US,2020-02-24 03:01:15,20.89,-156.47,80.6,61,40,13.87,scattered clouds,0.0,0.0
412,412,Nizza Monferrato,IT,2020-02-24 03:01:15,44.77,8.35,55.4,76,75,2.24,broken clouds,0.0,0.0
413,413,Teya,RU,2020-02-24 03:01:16,60.38,92.63,5.07,90,0,4.61,clear sky,0.0,0.0
414,414,Bairiki,KI,2020-02-24 03:01:16,1.33,172.98,89.6,70,20,8.05,few clouds,0.0,0.0
415,415,Mantua,IT,2020-02-24 03:01:16,45.17,10.78,52.0,93,68,3.36,mist,0.0,0.0
416,416,Denpasar,ID,2020-02-24 03:01:17,-8.65,115.22,86.05,60,0,5.21,clear sky,0.0,0.0
417,417,Broome,US,2020-02-24 03:01:17,42.25,-75.83,37.4,68,1,7.38,clear sky,0.0,0.0
418,418,Kangshan,CN,2020-02-24 03:01:18,28.88,116.43,65.93,77,100,8.99,overcast clouds,0.0,0.0
419,419,Havelock,US,2020-02-24 03:01:18,34.88,-76.9,44.6,75,1,3.33,clear sky,0.0,0.0
420,420,Nanortalik,GL,2020-02-24 03:01:19,60.14,-45.24,27.36,81,100,5.79,light snow,0.0,0.94
421,421,Athens,GR,2020-02-24 03:00:06,37.98,23.72,48.99,56,0,3.36,clear sky,0.0,0.0
422,422,Kungurtug,RU,2020-02-24 03:01:20,50.6,97.52,14.9,91,100,2.62,light snow,0.0,0.13
423,423,Camacha,PT,2020-02-24 03:01:20,33.08,-16.33,64.4,82,20,12.75,few clouds,0.0,0.0
424,424,Zyryanovsk,KZ,2020-02-24 03:01:21,49.74,84.27,12.63,96,98,1.72,overcast clouds,0.0,0.0
425,425,Buala,SB,2020-02-24 03:01:21,-8.14,159.59,85.84,68,29,5.41,light rain,0.69,0.0
426,426,Kingaroy,AU,2020-02-24 03:01:22,-26.53,151.83,68.0,100,74,5.82,broken clouds,0.0,0.0
427,427,Kayes,ML,2020-02-24 03:01:22,14.0,-11.0,87.21,9,83,14.61,broken clouds,0.0,0.0
428,428,Ambon,ID,2020-02-24 03:01:23,-3.7,128.18,91.4,55,20,17.22,few clouds,0.0,0.0
429,429,Qui Nhon,VN,2020-02-24 03:01:24,13.77,109.23,75.56,65,0,6.33,clear sky,0.0,0.0
430,430,Nicoya,CR,2020-02-24 03:00:02,10.15,-85.45,82.4,54,53,20.8,broken clouds,0.0,0.0
431,431,Muli,MV,2020-02-24 03:01:25,2.92,73.57,83.37,77,99,16.55,overcast clouds,0.0,0.0
432,432,Afyonkarahisar,TR,2020-02-24 03:01:25,38.75,30.67,29.8,87,0,2.48,clear sky,0.0,0.0
433,433,Lazaro Cardenas,MX,2020-02-24 02:59:47,17.96,-102.2,73.4,84,0,1.07,clear sky,0.0,0.0
434,434,Russell,US,2020-02-24 03:00:34,32.35,-85.2,54.0,76,90,2.33,overcast clouds,0.0,0.0
435,435,Pervomayskoye,RU,2020-02-24 03:01:26,43.92,46.71,37.47,79,1,3.36,clear sky,0.0,0.0
436,436,Muramatsu,JP,2020-02-24 03:01:27,37.68,139.18,50.0,81,75,14.99,light intensity shower rain,0.0,0.0
437,437,Shwebo,MM,2020-02-24 03:01:27,22.57,95.7,79.41,39,0,3.13,clear sky,0.0,0.0
438,438,Ambulu,ID,2020-02-24 03:01:28,-8.35,113.61,82.85,70,0,1.03,clear sky,0.0,0.0
439,439,Iqaluit,CA,2020-02-24 03:01:28,63.75,-68.51,-27.0,67,20,4.7,few clouds,0.0,0.0
440,440,Vaitape,PF,2020-02-24 03:01:29,-16.52,-151.75,83.39,70,6,9.04,light rain,0.13,0.0
441,441,Wuzhou,CN,2020-02-24 03:01:29,23.48,111.32,75.16,53,9,7.23,clear sky,0.0,0.0
442,442,Hanna,CA,2020-02-24 03:01:29,51.63,-111.9,26.01,91,100,8.01,light snow,0.0,0.5
443,443,Sefophe,BW,2020-02-24 03:01:30,-22.18,27.97,64.65,71,100,18.72,overcast clouds,0.0,0.0
444,444,Trabzon,TR,2020-02-24 02:58:40,40.92,39.83,44.6,75,40,4.7,scattered clouds,0.0,0.0
445,445,Praya,CV,2020-02-24 03:00:29,14.92,-23.51,68.0,77,20,8.05,few clouds,0.0,0.0
446,446,Porto Velho,BR,2020-02-24 03:01:31,-8.76,-63.9,77.0,94,40,2.24,scattered clouds,0.0,0.0
447,447,Abu Samrah,SY,2020-02-24 03:01:32,35.3,37.18,47.75,79,40,7.11,scattered clouds,0.0,0.0
448,448,Saint George,US,2020-02-24 02:59:53,37.1,-113.58,51.8,75,0,6.93,clear sky,0.0,0.0
449,449,Barbosa,CO,2020-02-24 03:01:32,5.93,-73.62,59.22,99,63,1.16,light rain,0.13,0.0
450,450,Narsaq,GL,2020-02-24 03:01:33,60.92,-46.05,23.0,73,100,13.87,light snow,0.0,0.0
451,451,Walvis Bay,,2020-02-24 03:01:33,-22.96,14.51,64.0,93,52,10.29,broken clouds,0.0,0.0
452,452,Cartagena,CO,2020-02-24 03:01:34,10.4,-75.51,78.8,83,20,11.41,few clouds,0.0,0.0
453,453,Tarata,BO,2020-02-24 03:01:34,-17.62,-66.02,68.0,60,75,9.17,broken clouds,0.0,0.0
454,454,Banga,PH,2020-02-24 03:01:35,6.42,124.78,89.6,52,40,11.41,scattered clouds,0.0,0.0
455,455,Champerico,GT,2020-02-24 03:01:35,14.3,-91.92,78.57,74,37,4.07,scattered clouds,0.0,0.0
456,456,Hualmay,PE,2020-02-24 03:01:36,-11.1,-77.61,75.07,67,55,3.49,broken clouds,0.0,0.0
457,457,Mokhsogollokh,RU,2020-02-24 03:01:36,61.47,128.92,3.42,91,85,4.27,overcast clouds,0.0,0.0
458,458,Katsuura,JP,2020-02-24 03:01:37,35.13,140.3,59.0,48,20,4.7,few clouds,0.0,0.0
459,459,Acari,PE,2020-02-24 03:01:37,-15.43,-74.62,68.07,86,85,2.91,overcast clouds,0.0,0.0
460,460,Bari,IT,2020-02-24 03:01:37,41.12,16.85,48.0,81,14,5.82,few clouds,0.0,0.0
461,461,Pangnirtung,CA,2020-02-24 03:01:38,66.15,-65.71,-33.03,97,100,1.07,overcast clouds,0.0,0.0
462,462,Sarankhola,BD,2020-02-24 03:01:39,22.31,89.79,77.04,47,0,3.83,clear sky,0.0,0.0
463,463,Trebukhiv,UA,2020-02-24 03:01:39,50.48,30.9,39.2,93,90,8.95,light rain,0.0,0.0
464,464,Fare,PF,2020-02-24 03:01:40,-16.7,-151.02,82.94,72,12,10.56,light rain,0.19,0.0
465,465,Luanda,AO,2020-02-24 03:01:41,-8.84,13.23,78.8,88,75,3.36,broken clouds,0.0,0.0
466,466,Menongue,AO,2020-02-24 03:01:41,-14.66,17.69,62.71,97,100,3.36,overcast clouds,0.0,0.0
467,467,Makokou,GA,2020-02-24 03:01:42,0.57,12.86,69.91,96,98,3.36,overcast clouds,0.0,0.0
468,468,Yumbing,PH,2020-02-24 03:01:42,9.24,124.66,81.23,73,5,8.41,clear sky,0.0,0.0
469,469,Brooks,CA,2020-02-24 03:00:58,50.58,-111.89,28.99,93,93,7.0,overcast clouds,0.0,0.0
470,470,Alofi,NU,2020-02-24 03:01:43,-19.06,-169.92,84.2,83,100,8.05,light rain,0.44,0.0
471,471,Batagay,RU,2020-02-24 03:01:43,67.63,134.63,-8.46,88,29,2.48,scattered clouds,0.0,0.0
472,472,Lasa,IT,2020-02-24 03:01:44,46.62,10.7,44.6,48,20,12.75,few clouds,0.0,0.0
473,473,Sitio Novo Do Tocantins,BR,2020-02-24 03:00:21,-5.52,-47.46,72.1,94,87,2.35,overcast clouds,0.0,0.0
474,474,Dhidhdhoo,MV,2020-02-24 03:01:45,6.88,73.1,82.44,72,37,9.82,scattered clouds,0.0,0.0
475,475,Taicheng,CN,2020-02-24 03:01:45,38.73,113.23,45.91,36,100,2.89,overcast clouds,0.0,0.0
476,476,Hamamatsu,JP,2020-02-24 03:01:46,34.7,137.73,59.0,30,20,12.75,few clouds,0.0,0.0
477,477,Chifeng,CN,2020-02-24 03:00:51,42.27,118.96,31.32,43,98,11.27,overcast clouds,0.0,0.0
478,478,Piacabucu,BR,2020-02-24 03:01:46,-10.41,-36.43,80.22,80,81,8.48,broken clouds,0.0,0.0
479,479,Micheweni,TZ,2020-02-24 03:01:47,-4.97,39.83,83.97,76,72,12.91,broken clouds,0.0,0.0
480,480,Tommot,RU,2020-02-24 03:01:47,58.96,126.29,8.74,91,100,9.37,light snow,0.0,0.25
481,481,Nalut,LY,2020-02-24 03:01:48,30.33,10.85,46.35,66,0,6.91,clear sky,0.0,0.0
482,482,Owando,CG,2020-02-24 03:01:48,-0.48,15.9,74.37,94,100,2.59,overcast clouds,0.0,0.0
483,483,Chiang Klang,TH,2020-02-24 03:01:49,19.29,100.86,68.0,72,0,3.42,clear sky,0.0,0.0
484,484,Dunedin,NZ,2020-02-24 02:59:51,-45.87,170.5,68.0,61,42,14.0,scattered clouds,0.0,0.0
485,485,Dicabisagan,PH,2020-02-24 03:01:49,17.08,122.42,76.87,84,29,7.31,light rain,2.19,0.0
486,486,Leningradskiy,RU,2020-02-24 03:01:50,69.38,178.42,-15.12,71,95,3.89,overcast clouds,0.0,0.0
487,487,San Pedro,PH,2020-02-24 02:59:29,14.35,121.02,86.0,62,75,4.7,broken clouds,0.0,0.0
488,488,Forestville,US,2020-02-24 03:01:51,38.85,-76.88,46.4,59,1,4.5,clear sky,0.0,0.0
489,489,Bambanglipuro,ID,2020-02-24 03:01:51,-7.95,110.28,86.88,65,29,4.21,light rain,0.31,0.0
490,490,Shimoda,JP,2020-02-24 03:01:52,34.67,138.95,55.4,50,20,10.29,few clouds,0.0,0.0
491,491,Tchamba,TG,2020-02-24 03:01:52,9.03,1.42,74.41,18,11,7.29,few clouds,0.0,0.0
492,492,Mae Sai,TH,2020-02-24 03:01:53,20.43,99.88,72.0,82,54,1.83,broken clouds,0.0,0.0
493,493,Monroe,US,2020-02-24 03:01:04,43.15,-77.68,44.6,51,1,11.48,clear sky,0.0,0.0
494,494,Puerto Del Rosario,ES,2020-02-24 03:01:53,28.5,-13.86,75.2,44,100,8.05,overcast clouds,0.0,0.0
495,495,Mokolo,CM,2020-02-24 03:01:54,10.74,13.8,65.82,31,0,7.92,clear sky,0.0,0.0
496,496,Fort Smith,US,2020-02-24 03:01:54,35.39,-94.4,54.0,81,90,7.14,overcast clouds,0.0,0.0
497,497,Lotoshino,RU,2020-02-24 03:01:55,56.23,35.64,32.16,88,98,10.56,overcast clouds,0.0,0.0
498,498,Oksfjord,NO,2020-02-24 03:01:55,70.24,22.35,32.0,97,100,16.11,snow,0.0,2.69
499,499,Bend,US,2020-02-24 02:57:04,44.06,-121.32,36.0,55,1,5.82,clear sky,0.0,0.0
500,500,Filingue,NE,2020-02-24 03:01:56,14.35,3.32,72.82,15,0,13.02,clear sky,0.0,0.0
501,501,Comodoro Rivadavia,AR,2020-02-24 02:58:22,-45.87,-67.5,55.4,87,100,13.76,overcast clouds,0.0,0.0
502,502,Musoma,TZ,2020-02-24 03:01:58,-1.5,33.8,67.08,93,100,2.35,overcast clouds,0.0,0.0
503,503,Novaya Zaimka,RU,2020-02-24 03:01:58,56.49,66.92,8.96,95,3,8.97,clear sky,0.0,0.0
504,504,Fairbanks,US,2020-02-24 03:01:59,64.84,-147.72,-2.0,70,20,1.66,few clouds,0.0,0.0
505,505,Burns Lake,CA,2020-02-24 03:00:34,54.23,-125.75,20.3,91,97,1.99,overcast clouds,0.0,0.0
506,506,Oussouye,SN,2020-02-24 03:01:59,12.48,-16.55,77.0,78,100,4.7,overcast clouds,0.0,0.0
507,507,Pokhara,NP,2020-02-24 03:02:00,28.23,83.98,63.01,45,0,2.17,clear sky,0.0,0.0
508,508,Nizhniy Tsasuchey,RU,2020-02-24 03:02:00,50.52,115.13,19.27,47,0,9.31,clear sky,0.0,0.0
509,509,Valparaiso,CL,2020-02-24 02:58:00,-33.04,-71.63,59.0,87,1,5.53,clear sky,0.0,0.0
510,510,Bongandanga,CD,2020-02-24 02:57:06,1.5,21.05,74.5,86,100,2.98,overcast clouds,0.0,0.0
511,511,Noumea,NC,2020-02-24 02:59:26,-22.28,166.46,87.8,55,75,12.75,broken clouds,0.0,0.0
512,512,Guerrero Negro,MX,2020-02-24 03:02:02,27.98,-114.06,59.88,77,96,18.68,overcast clouds,0.0,0.0
513,513,Sambava,MG,2020-02-24 03:02:02,-14.27,50.17,73.33,98,100,0.69,overcast clouds,0.0,0.0
514,514,Kenai,US,2020-02-24 03:02:03,60.55,-151.26,21.2,66,1,5.82,clear sky,0.0,0.0
515,515,Mount Darwin,ZW,2020-02-24 03:02:03,-16.77,31.58,67.26,98,100,6.49,heavy intensity rain,13.81,0.0
516,516,Smithers,CA,2020-02-24 02:57:56,54.78,-127.17,33.8,47,90,2.24,overcast clouds,0.0,0.0
517,517,Tongliao,CN,2020-02-24 03:02:04,43.61,122.27,34.0,35,94,4.61,overcast clouds,0.0,0.0
518,518,Ferrol,ES,2020-02-24 03:02:05,43.48,-8.24,50.0,100,90,2.24,fog,0.0,0.0
519,519,Llanes,ES,2020-02-24 03:02:05,43.42,-4.75,46.99,97,0,4.76,clear sky,0.0,0.0
520,520,Cordele,US,2020-02-24 03:02:05,31.96,-83.78,55.4,76,40,3.04,scattered clouds,0.0,0.0
521,521,Bukama,CD,2020-02-24 03:02:06,-9.2,25.85,70.18,98,100,2.98,moderate rain,3.13,0.0
522,522,Bardiyah,LY,2020-02-24 03:02:07,31.76,25.09,55.81,69,18,18.43,light rain,0.69,0.0
523,523,Sao Jose Da Tapera,BR,2020-02-24 03:02:08,-9.56,-37.38,77.63,78,33,10.02,scattered clouds,0.0,0.0
524,524,Kudat,MY,2020-02-24 03:02:08,6.88,116.85,82.4,78,75,5.82,broken clouds,0.0,0.0
525,525,Megion,RU,2020-02-24 03:02:09,61.03,76.11,12.2,85,100,8.95,overcast clouds,0.0,0.0
526,526,Portland,US,2020-02-24 02:58:05,45.52,-122.68,44.6,70,90,9.17,light rain,0.0,0.0
527,527,Orumiyeh,IR,2020-02-24 03:02:09,37.55,45.08,35.6,93,75,4.7,mist,0.0,0.0
528,528,Okha,RU,2020-02-24 03:02:10,53.57,142.95,5.4,92,70,10.22,broken clouds,0.0,0.0
529,529,Prince Rupert,CA,2020-02-24 03:02:10,54.32,-130.32,33.8,86,90,5.82,light snow,0.0,0.0
530,530,Denton,US,2020-02-24 03:02:11,33.2,-97.13,60.01,93,90,10.29,mist,0.0,0.0
531,531,Balagansk,RU,2020-02-24 03:02:11,54.01,103.05,7.66,92,68,2.46,broken clouds,0.0,0.0
532,532,Rio Grande,BR,2020-02-24 03:02:12,-32.03,-52.1,64.0,86,0,13.82,clear sky,0.0,0.0
533,533,Qaqortoq,GL,2020-02-24 03:02:12,60.72,-46.03,23.0,73,100,13.87,light snow,0.0,0.0
534,534,Mayumba,GA,2020-02-24 03:02:13,-3.43,10.66,81.55,77,100,4.76,overcast clouds,0.0,0.0
535,535,Colares,PT,2020-02-24 03:02:13,38.8,-9.45,63.0,71,0,3.36,clear sky,0.0,0.0
536,536,Zabol,AF,2020-02-24 03:02:14,32.25,67.25,34.63,62,0,3.56,clear sky,0.0,0.0
537,537,Mayo,US,2020-02-24 03:02:14,38.89,-76.51,46.4,56,5,4.7,clear sky,0.0,0.0
538,538,Kincardine,GB,2020-02-24 03:02:15,56.07,-3.72,39.0,100,100,3.36,light rain,0.19,0.0
539,539,Sistranda,NO,2020-02-24 03:02:15,63.73,8.83,35.6,80,75,23.04,shower rain,0.0,0.0
540,540,Orebro,SE,2020-02-24 03:02:15,59.27,15.21,34.0,80,16,11.41,few clouds,0.0,0.0
541,541,Coihaique,CL,2020-02-24 03:02:17,-45.58,-72.07,53.6,58,40,4.7,scattered clouds,0.0,0.0
542,542,Hinton,CA,2020-02-24 03:02:18,53.4,-117.59,17.87,94,100,1.88,overcast clouds,0.0,0.0
543,543,Khasan,RU,2020-02-24 03:02:18,42.43,130.64,39.69,40,0,18.14,clear sky,0.0,0.0
544,544,Mugur-Aksy,RU,2020-02-24 03:02:19,50.35,90.5,7.5,93,100,3.47,light snow,0.0,0.38
545,545,Lerici,IT,2020-02-24 03:02:19,44.08,9.91,54.0,93,75,3.36,broken clouds,0.0,0.0
546,546,North Bend,US,2020-02-24 03:02:19,43.41,-124.22,48.2,57,90,6.93,overcast clouds,0.0,0.0
547,547,Maniitsoq,GL,2020-02-24 03:02:20,65.42,-52.9,10.38,61,34,8.5,scattered clouds,0.0,0.0
548,548,Sobolevo,RU,2020-02-24 03:02:20,54.43,31.9,29.97,90,46,6.44,scattered clouds,0.0,0.0
549,549,Dyersburg,US,2020-02-24 03:02:21,36.03,-89.39,46.4,87,90,4.7,light rain,0.0,0.0
550,550,Guatire,VE,2020-02-24 03:02:21,10.48,-66.54,71.01,98,90,5.82,light rain,0.25,0.0
551,551,Puerto Escondido,MX,2020-02-24 03:02:22,15.85,-97.07,80.6,88,40,8.05,scattered clouds,0.0,0.0
552,552,Atasu,KZ,2020-02-24 03:02:22,48.68,71.64,4.84,88,0,2.71,clear sky,0.0,0.0
553,553,Kahramanmaras,TR,2020-02-24 03:02:22,38.0,37.0,44.6,93,75,5.82,mist,0.0,0.0
554,554,Karasjok,NO,2020-02-24 03:02:23,69.47,25.51,33.8,80,100,31.09,overcast clouds,0.0,0.0
555,555,Malindi,KE,2020-02-24 03:02:23,-3.22,40.12,80.6,88,40,2.24,scattered clouds,0.0,0.0
556,556,Ende,ID,2020-02-24 03:02:24,-8.84,121.66,83.8,70,52,4.5,broken clouds,0.0,0.0
557,557,Borogontsy,RU,2020-02-24 03:02:25,62.67,131.17,-0.89,93,93,3.96,overcast clouds,0.0,0.0
